-- phpMyAdmin SQL Dump
-- version 4.9.5deb2
-- https://www.phpmyadmin.net/
--
-- Host: localhost:3306
-- Creato il: Giu 03, 2022 alle 09:58
-- Versione del server: 8.0.29-0ubuntu0.20.04.3
-- Versione PHP: 7.4.3

SET SQL_MODE = "NO_AUTO_VALUE_ON_ZERO";
SET AUTOCOMMIT = 0;
START TRANSACTION;
SET time_zone = "+00:00";


/*!40101 SET @OLD_CHARACTER_SET_CLIENT=@@CHARACTER_SET_CLIENT */;
/*!40101 SET @OLD_CHARACTER_SET_RESULTS=@@CHARACTER_SET_RESULTS */;
/*!40101 SET @OLD_COLLATION_CONNECTION=@@COLLATION_CONNECTION */;
/*!40101 SET NAMES utf8mb4 */;

--
-- Database: `pokedex`
--

-- --------------------------------------------------------

--
-- Struttura della tabella `abilities`
--

CREATE TABLE `abilities` (
  `abil_id` int NOT NULL,
  `abil_name` varchar(79) NOT NULL
) ENGINE=InnoDB DEFAULT CHARSET=utf8mb3;

--
-- Dump dei dati per la tabella `abilities`
--

INSERT INTO `abilities` (`abil_id`, `abil_name`) VALUES
(2, 'drizzle'),
(3, 'speed-boost'),
(4, 'battle-armor'),
(5, 'sturdy'),
(6, 'damp'),
(7, 'limber'),
(8, 'sand-veil'),
(9, 'static'),
(10, 'volt-absorb'),
(11, 'water-absorb'),
(12, 'oblivious'),
(13, 'cloud-nine'),
(14, 'compound-eyes'),
(15, 'insomnia'),
(16, 'color-change'),
(17, 'immunity'),
(18, 'flash-fire'),
(19, 'shield-dust'),
(20, 'own-tempo'),
(21, 'suction-cups'),
(22, 'intimidate'),
(23, 'shadow-tag'),
(24, 'rough-skin'),
(25, 'wonder-guard'),
(26, 'levitate'),
(27, 'effect-spore'),
(28, 'synchronize'),
(29, 'clear-body'),
(30, 'natural-cure'),
(31, 'lightning-rod'),
(32, 'serene-grace'),
(33, 'swift-swim'),
(34, 'chlorophyll'),
(35, 'illuminate'),
(36, 'trace'),
(37, 'huge-power'),
(38, 'poison-point'),
(39, 'inner-focus'),
(40, 'magma-armor'),
(41, 'water-veil'),
(42, 'magnet-pull'),
(43, 'soundproof'),
(44, 'rain-dish'),
(45, 'sand-stream'),
(46, 'pressure'),
(47, 'thick-fat'),
(48, 'early-bird'),
(49, 'flame-body'),
(50, 'run-away'),
(51, 'keen-eye'),
(52, 'hyper-cutter'),
(53, 'pickup'),
(54, 'truant'),
(55, 'hustle'),
(56, 'cute-charm'),
(57, 'plus'),
(58, 'minus'),
(59, 'forecast'),
(60, 'sticky-hold'),
(61, 'shed-skin'),
(62, 'guts'),
(63, 'marvel-scale'),
(64, 'liquid-ooze'),
(65, 'overgrow'),
(66, 'blaze'),
(67, 'torrent'),
(68, 'swarm'),
(69, 'rock-head'),
(70, 'drought'),
(71, 'arena-trap'),
(72, 'vital-spirit'),
(73, 'white-smoke'),
(74, 'pure-power'),
(75, 'shell-armor'),
(76, 'air-lock'),
(77, 'tangled-feet'),
(78, 'motor-drive'),
(79, 'rivalry'),
(80, 'steadfast'),
(81, 'snow-cloak'),
(82, 'gluttony'),
(83, 'anger-point'),
(84, 'unburden'),
(85, 'heatproof'),
(86, 'simple'),
(87, 'dry-skin'),
(88, 'download'),
(89, 'iron-fist'),
(90, 'poison-heal'),
(91, 'adaptability'),
(92, 'skill-link'),
(93, 'hydration'),
(94, 'solar-power'),
(95, 'quick-feet'),
(96, 'normalize'),
(97, 'sniper'),
(98, 'magic-guard'),
(99, 'no-guard'),
(100, 'stall'),
(101, 'technician'),
(102, 'leaf-guard'),
(103, 'klutz'),
(104, 'mold-breaker'),
(105, 'super-luck'),
(106, 'aftermath'),
(107, 'anticipation'),
(108, 'forewarn'),
(109, 'unaware'),
(110, 'tinted-lens'),
(111, 'filter'),
(112, 'slow-start'),
(113, 'scrappy'),
(114, 'storm-drain'),
(115, 'ice-body'),
(116, 'solid-rock'),
(117, 'snow-warning'),
(118, 'honey-gather'),
(119, 'frisk'),
(120, 'reckless'),
(121, 'multitype'),
(122, 'flower-gift'),
(123, 'bad-dreams'),
(124, 'pickpocket'),
(125, 'sheer-force'),
(126, 'contrary'),
(127, 'unnerve'),
(128, 'defiant'),
(129, 'defeatist'),
(130, 'cursed-body'),
(131, 'healer'),
(132, 'friend-guard'),
(133, 'weak-armor'),
(134, 'heavy-metal'),
(135, 'light-metal'),
(136, 'multiscale'),
(137, 'toxic-boost'),
(138, 'flare-boost'),
(139, 'harvest'),
(140, 'telepathy'),
(141, 'moody'),
(142, 'overcoat'),
(143, 'poison-touch'),
(144, 'regenerator'),
(145, 'big-pecks'),
(146, 'sand-rush'),
(147, 'wonder-skin'),
(148, 'analytic'),
(149, 'illusion'),
(150, 'imposter'),
(151, 'infiltrator'),
(152, 'mummy'),
(153, 'moxie'),
(154, 'justified'),
(155, 'rattled'),
(156, 'magic-bounce'),
(157, 'sap-sipper'),
(158, 'prankster'),
(159, 'sand-force'),
(160, 'iron-barbs'),
(161, 'zen-mode'),
(162, 'victory-star'),
(163, 'turboblaze'),
(164, 'teravolt'),
(165, 'aroma-veil'),
(166, 'flower-veil'),
(167, 'cheek-pouch'),
(168, 'protean'),
(169, 'fur-coat'),
(170, 'magician'),
(171, 'bulletproof'),
(172, 'competitive'),
(173, 'strong-jaw'),
(174, 'refrigerate'),
(175, 'sweet-veil'),
(176, 'stance-change'),
(177, 'gale-wings'),
(178, 'mega-launcher'),
(179, 'grass-pelt'),
(180, 'symbiosis'),
(181, 'tough-claws'),
(182, 'pixilate'),
(183, 'gooey'),
(184, 'aerilate'),
(185, 'parental-bond'),
(186, 'dark-aura'),
(187, 'fairy-aura'),
(188, 'aura-break'),
(189, 'primordial-sea'),
(190, 'desolate-land'),
(191, 'delta-stream');

-- --------------------------------------------------------

--
-- Struttura stand-in per le viste `att_def_hp`
-- (Vedi sotto per la vista effettiva)
--
CREATE TABLE `att_def_hp` (
`b_atk` int
,`b_def` int
,`b_hp` int
,`b_sp_atk` int
,`b_sp_def` int
,`b_speed` int
,`pok_id` int
,`pok_name` int
);

-- --------------------------------------------------------

--
-- Struttura della tabella `base_stats`
--

CREATE TABLE `base_stats` (
  `pok_id` int NOT NULL,
  `b_hp` int DEFAULT NULL,
  `b_atk` int DEFAULT NULL,
  `b_def` int DEFAULT NULL,
  `b_sp_atk` int DEFAULT NULL,
  `b_sp_def` int DEFAULT NULL,
  `b_speed` int DEFAULT NULL
) ENGINE=InnoDB DEFAULT CHARSET=utf8mb3;

--
-- Dump dei dati per la tabella `base_stats`
--

INSERT INTO `base_stats` (`pok_id`, `b_hp`, `b_atk`, `b_def`, `b_sp_atk`, `b_sp_def`, `b_speed`) VALUES
(1, 45, 49, 49, 65, 65, 45),
(2, 60, 62, 63, 80, 80, 60),
(3, 80, 82, 83, 100, 100, 80),
(4, 39, 52, 43, 60, 50, 65),
(5, 58, 64, 58, 80, 65, 80),
(6, 78, 84, 78, 109, 85, 100),
(7, 44, 48, 65, 50, 64, 43),
(8, 59, 63, 80, 65, 80, 58),
(9, 79, 83, 100, 85, 105, 78),
(10, 45, 30, 35, 20, 20, 45),
(11, 50, 20, 55, 25, 25, 30),
(12, 60, 45, 50, 90, 80, 70),
(13, 40, 35, 30, 20, 20, 50),
(14, 45, 25, 50, 25, 25, 35),
(15, 65, 90, 40, 45, 80, 75),
(16, 40, 45, 40, 35, 35, 56),
(17, 63, 60, 55, 50, 50, 71),
(18, 83, 80, 75, 70, 70, 101),
(19, 30, 56, 35, 25, 35, 72),
(20, 55, 81, 60, 50, 70, 97),
(21, 40, 60, 30, 31, 31, 70),
(22, 65, 90, 65, 61, 61, 100),
(23, 35, 60, 44, 40, 54, 55),
(24, 60, 85, 69, 65, 79, 80),
(25, 35, 55, 40, 50, 50, 90),
(26, 60, 90, 55, 90, 80, 110),
(27, 50, 75, 85, 20, 30, 40),
(28, 75, 100, 110, 45, 55, 65),
(29, 55, 47, 52, 40, 40, 41),
(30, 70, 62, 67, 55, 55, 56),
(31, 90, 92, 87, 75, 85, 76),
(32, 46, 57, 40, 40, 40, 50),
(33, 61, 72, 57, 55, 55, 65),
(34, 81, 102, 77, 85, 75, 85),
(35, 70, 45, 48, 60, 65, 35),
(36, 95, 70, 73, 95, 90, 60),
(37, 38, 41, 40, 50, 65, 65),
(38, 73, 76, 75, 81, 100, 100),
(39, 115, 45, 20, 45, 25, 20),
(40, 140, 70, 45, 85, 50, 45),
(41, 40, 45, 35, 30, 40, 55),
(42, 75, 80, 70, 65, 75, 90),
(43, 45, 50, 55, 75, 65, 30),
(44, 60, 65, 70, 85, 75, 40),
(45, 75, 80, 85, 110, 90, 50),
(46, 35, 70, 55, 45, 55, 25),
(47, 60, 95, 80, 60, 80, 30),
(48, 60, 55, 50, 40, 55, 45),
(49, 70, 65, 60, 90, 75, 90),
(50, 10, 55, 25, 35, 45, 95),
(51, 35, 80, 50, 50, 70, 120),
(52, 40, 45, 35, 40, 40, 90),
(53, 65, 70, 60, 65, 65, 115),
(54, 50, 52, 48, 65, 50, 55),
(55, 80, 82, 78, 95, 80, 85),
(56, 40, 80, 35, 35, 45, 70),
(57, 65, 105, 60, 60, 70, 95),
(58, 55, 70, 45, 70, 50, 60),
(59, 90, 110, 80, 100, 80, 95),
(60, 40, 50, 40, 40, 40, 90),
(61, 65, 65, 65, 50, 50, 90),
(62, 90, 95, 95, 70, 90, 70),
(63, 25, 20, 15, 105, 55, 90),
(64, 40, 35, 30, 120, 70, 105),
(65, 55, 50, 45, 135, 95, 120),
(66, 70, 80, 50, 35, 35, 35),
(67, 80, 100, 70, 50, 60, 45),
(68, 90, 130, 80, 65, 85, 55),
(69, 50, 75, 35, 70, 30, 40),
(70, 65, 90, 50, 85, 45, 55),
(71, 80, 105, 65, 100, 70, 70),
(72, 40, 40, 35, 50, 100, 70),
(73, 80, 70, 65, 80, 120, 100),
(74, 40, 80, 100, 30, 30, 20),
(75, 55, 95, 115, 45, 45, 35),
(76, 80, 120, 130, 55, 65, 45),
(77, 50, 85, 55, 65, 65, 90),
(78, 65, 100, 70, 80, 80, 105),
(79, 90, 65, 65, 40, 40, 15),
(80, 95, 75, 110, 100, 80, 30),
(81, 25, 35, 70, 95, 55, 45),
(82, 50, 60, 95, 120, 70, 70),
(83, 52, 65, 55, 58, 62, 60),
(84, 35, 85, 45, 35, 35, 75),
(85, 60, 110, 70, 60, 60, 100),
(86, 65, 45, 55, 45, 70, 45),
(87, 90, 70, 80, 70, 95, 70),
(88, 80, 80, 50, 40, 50, 25),
(89, 105, 105, 75, 65, 100, 50),
(90, 30, 65, 100, 45, 25, 40),
(91, 50, 95, 180, 85, 45, 70),
(92, 30, 35, 30, 100, 35, 80),
(93, 45, 50, 45, 115, 55, 95),
(94, 60, 65, 60, 130, 75, 110),
(95, 35, 45, 160, 30, 45, 70),
(96, 60, 48, 45, 43, 90, 42),
(97, 85, 73, 70, 73, 115, 67),
(98, 30, 105, 90, 25, 25, 50),
(99, 55, 130, 115, 50, 50, 75),
(100, 40, 30, 50, 55, 55, 100),
(101, 60, 50, 70, 80, 80, 140),
(102, 60, 40, 80, 60, 45, 40),
(103, 95, 95, 85, 125, 65, 55),
(104, 50, 50, 95, 40, 50, 35),
(105, 60, 80, 110, 50, 80, 45),
(106, 50, 120, 53, 35, 110, 87),
(107, 50, 105, 79, 35, 110, 76),
(108, 90, 55, 75, 60, 75, 30),
(109, 40, 65, 95, 60, 45, 35),
(110, 65, 90, 120, 85, 70, 60),
(111, 80, 85, 95, 30, 30, 25),
(112, 105, 130, 120, 45, 45, 40),
(113, 250, 5, 5, 35, 105, 50),
(114, 65, 55, 115, 100, 40, 60),
(115, 105, 95, 80, 40, 80, 90),
(116, 30, 40, 70, 70, 25, 60),
(117, 55, 65, 95, 95, 45, 85),
(118, 45, 67, 60, 35, 50, 63),
(119, 80, 92, 65, 65, 80, 68),
(120, 30, 45, 55, 70, 55, 85),
(121, 60, 75, 85, 100, 85, 115),
(122, 40, 45, 65, 100, 120, 90),
(123, 70, 110, 80, 55, 80, 105),
(124, 65, 50, 35, 115, 95, 95),
(125, 65, 83, 57, 95, 85, 105),
(126, 65, 95, 57, 100, 85, 93),
(127, 65, 125, 100, 55, 70, 85),
(128, 75, 100, 95, 40, 70, 110),
(129, 20, 10, 55, 15, 20, 80),
(130, 95, 125, 79, 60, 100, 81),
(131, 130, 85, 80, 85, 95, 60),
(132, 48, 48, 48, 48, 48, 48),
(133, 55, 55, 50, 45, 65, 55),
(134, 130, 65, 60, 110, 95, 65),
(135, 65, 65, 60, 110, 95, 130),
(136, 65, 130, 60, 95, 110, 65),
(137, 65, 60, 70, 85, 75, 40),
(138, 35, 40, 100, 90, 55, 35),
(139, 70, 60, 125, 115, 70, 55),
(140, 30, 80, 90, 55, 45, 55),
(141, 60, 115, 105, 65, 70, 80),
(142, 80, 105, 65, 60, 75, 130),
(143, 160, 110, 65, 65, 110, 30),
(144, 90, 85, 100, 95, 125, 85),
(145, 90, 90, 85, 125, 90, 100),
(146, 90, 100, 90, 125, 85, 90),
(147, 41, 64, 45, 50, 50, 50),
(148, 61, 84, 65, 70, 70, 70),
(149, 91, 134, 95, 100, 100, 80),
(150, 106, 110, 90, 154, 90, 130),
(151, 100, 100, 100, 100, 100, 100),
(152, 45, 49, 65, 49, 65, 45),
(153, 60, 62, 80, 63, 80, 60),
(154, 80, 82, 100, 83, 100, 80),
(155, 39, 52, 43, 60, 50, 65),
(156, 58, 64, 58, 80, 65, 80),
(157, 78, 84, 78, 109, 85, 100),
(158, 50, 65, 64, 44, 48, 43),
(159, 65, 80, 80, 59, 63, 58),
(160, 85, 105, 100, 79, 83, 78),
(161, 35, 46, 34, 35, 45, 20),
(162, 85, 76, 64, 45, 55, 90),
(163, 60, 30, 30, 36, 56, 50),
(164, 100, 50, 50, 76, 96, 70),
(165, 40, 20, 30, 40, 80, 55),
(166, 55, 35, 50, 55, 110, 85),
(167, 40, 60, 40, 40, 40, 30),
(168, 70, 90, 70, 60, 60, 40),
(169, 85, 90, 80, 70, 80, 130),
(170, 75, 38, 38, 56, 56, 67),
(171, 125, 58, 58, 76, 76, 67),
(172, 20, 40, 15, 35, 35, 60),
(173, 50, 25, 28, 45, 55, 15),
(174, 90, 30, 15, 40, 20, 15),
(175, 35, 20, 65, 40, 65, 20),
(176, 55, 40, 85, 80, 105, 40),
(177, 40, 50, 45, 70, 45, 70),
(178, 65, 75, 70, 95, 70, 95),
(179, 55, 40, 40, 65, 45, 35),
(180, 70, 55, 55, 80, 60, 45),
(181, 90, 75, 85, 115, 90, 55),
(182, 75, 80, 95, 90, 100, 50),
(183, 70, 20, 50, 20, 50, 40),
(184, 100, 50, 80, 60, 80, 50),
(185, 70, 100, 115, 30, 65, 30),
(186, 90, 75, 75, 90, 100, 70),
(187, 35, 35, 40, 35, 55, 50),
(188, 55, 45, 50, 45, 65, 80),
(189, 75, 55, 70, 55, 95, 110),
(190, 55, 70, 55, 40, 55, 85),
(191, 30, 30, 30, 30, 30, 30),
(192, 75, 75, 55, 105, 85, 30),
(193, 65, 65, 45, 75, 45, 95),
(194, 55, 45, 45, 25, 25, 15),
(195, 95, 85, 85, 65, 65, 35),
(196, 65, 65, 60, 130, 95, 110),
(197, 95, 65, 110, 60, 130, 65),
(198, 60, 85, 42, 85, 42, 91),
(199, 95, 75, 80, 100, 110, 30),
(200, 60, 60, 60, 85, 85, 85),
(201, 48, 72, 48, 72, 48, 48),
(202, 190, 33, 58, 33, 58, 33),
(203, 70, 80, 65, 90, 65, 85),
(204, 50, 65, 90, 35, 35, 15),
(205, 75, 90, 140, 60, 60, 40),
(206, 100, 70, 70, 65, 65, 45),
(207, 65, 75, 105, 35, 65, 85),
(208, 75, 85, 200, 55, 65, 30),
(209, 60, 80, 50, 40, 40, 30),
(210, 90, 120, 75, 60, 60, 45),
(211, 65, 95, 75, 55, 55, 85),
(212, 70, 130, 100, 55, 80, 65),
(213, 20, 10, 230, 10, 230, 5),
(214, 80, 125, 75, 40, 95, 85),
(215, 55, 95, 55, 35, 75, 115),
(216, 60, 80, 50, 50, 50, 40),
(217, 90, 130, 75, 75, 75, 55),
(218, 40, 40, 40, 70, 40, 20),
(219, 50, 50, 120, 80, 80, 30),
(220, 50, 50, 40, 30, 30, 50),
(221, 100, 100, 80, 60, 60, 50),
(222, 55, 55, 85, 65, 85, 35),
(223, 35, 65, 35, 65, 35, 65),
(224, 75, 105, 75, 105, 75, 45),
(225, 45, 55, 45, 65, 45, 75),
(226, 65, 40, 70, 80, 140, 70),
(227, 65, 80, 140, 40, 70, 70),
(228, 45, 60, 30, 80, 50, 65),
(229, 75, 90, 50, 110, 80, 95),
(230, 75, 95, 95, 95, 95, 85),
(231, 90, 60, 60, 40, 40, 40),
(232, 90, 120, 120, 60, 60, 50),
(233, 85, 80, 90, 105, 95, 60),
(234, 73, 95, 62, 85, 65, 85),
(235, 55, 20, 35, 20, 45, 75),
(236, 35, 35, 35, 35, 35, 35),
(237, 50, 95, 95, 35, 110, 70),
(238, 45, 30, 15, 85, 65, 65),
(239, 45, 63, 37, 65, 55, 95),
(240, 45, 75, 37, 70, 55, 83),
(241, 95, 80, 105, 40, 70, 100),
(242, 255, 10, 10, 75, 135, 55),
(243, 90, 85, 75, 115, 100, 115),
(244, 115, 115, 85, 90, 75, 100),
(245, 100, 75, 115, 90, 115, 85),
(246, 50, 64, 50, 45, 50, 41),
(247, 70, 84, 70, 65, 70, 51),
(248, 100, 134, 110, 95, 100, 61),
(249, 106, 90, 130, 90, 154, 110),
(250, 106, 130, 90, 110, 154, 90),
(251, 100, 100, 100, 100, 100, 100),
(252, 40, 45, 35, 65, 55, 70),
(253, 50, 65, 45, 85, 65, 95),
(254, 70, 85, 65, 105, 85, 120),
(255, 45, 60, 40, 70, 50, 45),
(256, 60, 85, 60, 85, 60, 55),
(257, 80, 120, 70, 110, 70, 80),
(258, 50, 70, 50, 50, 50, 40),
(259, 70, 85, 70, 60, 70, 50),
(260, 100, 110, 90, 85, 90, 60),
(261, 35, 55, 35, 30, 30, 35),
(262, 70, 90, 70, 60, 60, 70),
(263, 38, 30, 41, 30, 41, 60),
(264, 78, 70, 61, 50, 61, 100),
(265, 45, 45, 35, 20, 30, 20),
(266, 50, 35, 55, 25, 25, 15),
(267, 60, 70, 50, 100, 50, 65),
(268, 50, 35, 55, 25, 25, 15),
(269, 60, 50, 70, 50, 90, 65),
(270, 40, 30, 30, 40, 50, 30),
(271, 60, 50, 50, 60, 70, 50),
(272, 80, 70, 70, 90, 100, 70),
(273, 40, 40, 50, 30, 30, 30),
(274, 70, 70, 40, 60, 40, 60),
(275, 90, 100, 60, 90, 60, 80),
(276, 40, 55, 30, 30, 30, 85),
(277, 60, 85, 60, 50, 50, 125),
(278, 40, 30, 30, 55, 30, 85),
(279, 60, 50, 100, 85, 70, 65),
(280, 28, 25, 25, 45, 35, 40),
(281, 38, 35, 35, 65, 55, 50),
(282, 68, 65, 65, 125, 115, 80),
(283, 40, 30, 32, 50, 52, 65),
(284, 70, 60, 62, 80, 82, 60),
(285, 60, 40, 60, 40, 60, 35),
(286, 60, 130, 80, 60, 60, 70),
(287, 60, 60, 60, 35, 35, 30),
(288, 80, 80, 80, 55, 55, 90),
(289, 150, 160, 100, 95, 65, 100),
(290, 31, 45, 90, 30, 30, 40),
(291, 61, 90, 45, 50, 50, 160),
(292, 1, 90, 45, 30, 30, 40),
(293, 64, 51, 23, 51, 23, 28),
(294, 84, 71, 43, 71, 43, 48),
(295, 104, 91, 63, 91, 73, 68),
(296, 72, 60, 30, 20, 30, 25),
(297, 144, 120, 60, 40, 60, 50),
(298, 50, 20, 40, 20, 40, 20),
(299, 30, 45, 135, 45, 90, 30),
(300, 50, 45, 45, 35, 35, 50),
(301, 70, 65, 65, 55, 55, 70),
(302, 50, 75, 75, 65, 65, 50),
(303, 50, 85, 85, 55, 55, 50),
(304, 50, 70, 100, 40, 40, 30),
(305, 60, 90, 140, 50, 50, 40),
(306, 70, 110, 180, 60, 60, 50),
(307, 30, 40, 55, 40, 55, 60),
(308, 60, 60, 75, 60, 75, 80),
(309, 40, 45, 40, 65, 40, 65),
(310, 70, 75, 60, 105, 60, 105),
(311, 60, 50, 40, 85, 75, 95),
(312, 60, 40, 50, 75, 85, 95),
(313, 65, 73, 55, 47, 75, 85),
(314, 65, 47, 55, 73, 75, 85),
(315, 50, 60, 45, 100, 80, 65),
(316, 70, 43, 53, 43, 53, 40),
(317, 100, 73, 83, 73, 83, 55),
(318, 45, 90, 20, 65, 20, 65),
(319, 70, 120, 40, 95, 40, 95),
(320, 130, 70, 35, 70, 35, 60),
(321, 170, 90, 45, 90, 45, 60),
(322, 60, 60, 40, 65, 45, 35),
(323, 70, 100, 70, 105, 75, 40),
(324, 70, 85, 140, 85, 70, 20),
(325, 60, 25, 35, 70, 80, 60),
(326, 80, 45, 65, 90, 110, 80),
(327, 60, 60, 60, 60, 60, 60),
(328, 45, 100, 45, 45, 45, 10),
(329, 50, 70, 50, 50, 50, 70),
(330, 80, 100, 80, 80, 80, 100),
(331, 50, 85, 40, 85, 40, 35),
(332, 70, 115, 60, 115, 60, 55),
(333, 45, 40, 60, 40, 75, 50),
(334, 75, 70, 90, 70, 105, 80),
(335, 73, 115, 60, 60, 60, 90),
(336, 73, 100, 60, 100, 60, 65),
(337, 70, 55, 65, 95, 85, 70),
(338, 70, 95, 85, 55, 65, 70),
(339, 50, 48, 43, 46, 41, 60),
(340, 110, 78, 73, 76, 71, 60),
(341, 43, 80, 65, 50, 35, 35),
(342, 63, 120, 85, 90, 55, 55),
(343, 40, 40, 55, 40, 70, 55),
(344, 60, 70, 105, 70, 120, 75),
(345, 66, 41, 77, 61, 87, 23),
(346, 86, 81, 97, 81, 107, 43),
(347, 45, 95, 50, 40, 50, 75),
(348, 75, 125, 100, 70, 80, 45),
(349, 20, 15, 20, 10, 55, 80),
(350, 95, 60, 79, 100, 125, 81),
(351, 70, 70, 70, 70, 70, 70),
(352, 60, 90, 70, 60, 120, 40),
(353, 44, 75, 35, 63, 33, 45),
(354, 64, 115, 65, 83, 63, 65),
(355, 20, 40, 90, 30, 90, 25),
(356, 40, 70, 130, 60, 130, 25),
(357, 99, 68, 83, 72, 87, 51),
(358, 65, 50, 70, 95, 80, 65),
(359, 65, 130, 60, 75, 60, 75),
(360, 95, 23, 48, 23, 48, 23),
(361, 50, 50, 50, 50, 50, 50),
(362, 80, 80, 80, 80, 80, 80),
(363, 70, 40, 50, 55, 50, 25),
(364, 90, 60, 70, 75, 70, 45),
(365, 110, 80, 90, 95, 90, 65),
(366, 35, 64, 85, 74, 55, 32),
(367, 55, 104, 105, 94, 75, 52),
(368, 55, 84, 105, 114, 75, 52),
(369, 100, 90, 130, 45, 65, 55),
(370, 43, 30, 55, 40, 65, 97),
(371, 45, 75, 60, 40, 30, 50),
(372, 65, 95, 100, 60, 50, 50),
(373, 95, 135, 80, 110, 80, 100),
(374, 40, 55, 80, 35, 60, 30),
(375, 60, 75, 100, 55, 80, 50),
(376, 80, 135, 130, 95, 90, 70),
(377, 80, 100, 200, 50, 100, 50),
(378, 80, 50, 100, 100, 200, 50),
(379, 80, 75, 150, 75, 150, 50),
(380, 80, 80, 90, 110, 130, 110),
(381, 80, 90, 80, 130, 110, 110),
(382, 100, 100, 90, 150, 140, 90),
(383, 100, 150, 140, 100, 90, 90),
(384, 105, 150, 90, 150, 90, 95),
(385, 100, 100, 100, 100, 100, 100),
(386, 50, 180, 20, 180, 20, 150),
(387, 55, 68, 64, 45, 55, 31),
(388, 75, 89, 85, 55, 65, 36),
(389, 95, 109, 105, 75, 85, 56),
(390, 44, 58, 44, 58, 44, 61),
(391, 64, 78, 52, 78, 52, 81),
(392, 76, 104, 71, 104, 71, 108),
(393, 53, 51, 53, 61, 56, 40),
(394, 64, 66, 68, 81, 76, 50),
(395, 84, 86, 88, 111, 101, 60),
(396, 40, 55, 30, 30, 30, 60),
(397, 55, 75, 50, 40, 40, 80),
(398, 85, 120, 70, 50, 60, 100),
(399, 59, 45, 40, 35, 40, 31),
(400, 79, 85, 60, 55, 60, 71),
(401, 37, 25, 41, 25, 41, 25),
(402, 77, 85, 51, 55, 51, 65),
(403, 45, 65, 34, 40, 34, 45),
(404, 60, 85, 49, 60, 49, 60),
(405, 80, 120, 79, 95, 79, 70),
(406, 40, 30, 35, 50, 70, 55),
(407, 60, 70, 65, 125, 105, 90),
(408, 67, 125, 40, 30, 30, 58),
(409, 97, 165, 60, 65, 50, 58),
(410, 30, 42, 118, 42, 88, 30),
(411, 60, 52, 168, 47, 138, 30),
(412, 40, 29, 45, 29, 45, 36),
(413, 60, 59, 85, 79, 105, 36),
(414, 70, 94, 50, 94, 50, 66),
(415, 30, 30, 42, 30, 42, 70),
(416, 70, 80, 102, 80, 102, 40),
(417, 60, 45, 70, 45, 90, 95),
(418, 55, 65, 35, 60, 30, 85),
(419, 85, 105, 55, 85, 50, 115),
(420, 45, 35, 45, 62, 53, 35),
(421, 70, 60, 70, 87, 78, 85),
(422, 76, 48, 48, 57, 62, 34),
(423, 111, 83, 68, 92, 82, 39),
(424, 75, 100, 66, 60, 66, 115),
(425, 90, 50, 34, 60, 44, 70),
(426, 150, 80, 44, 90, 54, 80),
(427, 55, 66, 44, 44, 56, 85),
(428, 65, 76, 84, 54, 96, 105),
(429, 60, 60, 60, 105, 105, 105),
(430, 100, 125, 52, 105, 52, 71),
(431, 49, 55, 42, 42, 37, 85),
(432, 71, 82, 64, 64, 59, 112),
(433, 45, 30, 50, 65, 50, 45),
(434, 63, 63, 47, 41, 41, 74),
(435, 103, 93, 67, 71, 61, 84),
(436, 57, 24, 86, 24, 86, 23),
(437, 67, 89, 116, 79, 116, 33),
(438, 50, 80, 95, 10, 45, 10),
(439, 20, 25, 45, 70, 90, 60),
(440, 100, 5, 5, 15, 65, 30),
(441, 76, 65, 45, 92, 42, 91),
(442, 50, 92, 108, 92, 108, 35),
(443, 58, 70, 45, 40, 45, 42),
(444, 68, 90, 65, 50, 55, 82),
(445, 108, 130, 95, 80, 85, 102),
(446, 135, 85, 40, 40, 85, 5),
(447, 40, 70, 40, 35, 40, 60),
(448, 70, 110, 70, 115, 70, 90),
(449, 68, 72, 78, 38, 42, 32),
(450, 108, 112, 118, 68, 72, 47),
(451, 40, 50, 90, 30, 55, 65),
(452, 70, 90, 110, 60, 75, 95),
(453, 48, 61, 40, 61, 40, 50),
(454, 83, 106, 65, 86, 65, 85),
(455, 74, 100, 72, 90, 72, 46),
(456, 49, 49, 56, 49, 61, 66),
(457, 69, 69, 76, 69, 86, 91),
(458, 45, 20, 50, 60, 120, 50),
(459, 60, 62, 50, 62, 60, 40),
(460, 90, 92, 75, 92, 85, 60),
(461, 70, 120, 65, 45, 85, 125),
(462, 70, 70, 115, 130, 90, 60),
(463, 110, 85, 95, 80, 95, 50),
(464, 115, 140, 130, 55, 55, 40),
(465, 100, 100, 125, 110, 50, 50),
(466, 75, 123, 67, 95, 85, 95),
(467, 75, 95, 67, 125, 95, 83),
(468, 85, 50, 95, 120, 115, 80),
(469, 86, 76, 86, 116, 56, 95),
(470, 65, 110, 130, 60, 65, 95),
(471, 65, 60, 110, 130, 95, 65),
(472, 75, 95, 125, 45, 75, 95),
(473, 110, 130, 80, 70, 60, 80),
(474, 85, 80, 70, 135, 75, 90),
(475, 68, 125, 65, 65, 115, 80),
(476, 60, 55, 145, 75, 150, 40),
(477, 45, 100, 135, 65, 135, 45),
(478, 70, 80, 70, 80, 70, 110),
(479, 50, 50, 77, 95, 77, 91),
(480, 75, 75, 130, 75, 130, 95),
(481, 80, 105, 105, 105, 105, 80),
(482, 75, 125, 70, 125, 70, 115),
(483, 100, 120, 120, 150, 100, 90),
(484, 90, 120, 100, 150, 120, 100),
(485, 91, 90, 106, 130, 106, 77),
(486, 110, 160, 110, 80, 110, 100),
(487, 150, 100, 120, 100, 120, 90),
(488, 120, 70, 120, 75, 130, 85),
(489, 80, 80, 80, 80, 80, 80),
(490, 100, 100, 100, 100, 100, 100),
(491, 70, 90, 90, 135, 90, 125),
(492, 100, 100, 100, 100, 100, 100),
(493, 120, 120, 120, 120, 120, 120),
(494, 100, 100, 100, 100, 100, 100),
(495, 45, 45, 55, 45, 55, 63),
(496, 60, 60, 75, 60, 75, 83),
(497, 75, 75, 95, 75, 95, 113),
(498, 65, 63, 45, 45, 45, 45),
(499, 90, 93, 55, 70, 55, 55),
(500, 110, 123, 65, 100, 65, 65),
(501, 55, 55, 45, 63, 45, 45),
(502, 75, 75, 60, 83, 60, 60),
(503, 95, 100, 85, 108, 70, 70),
(504, 45, 55, 39, 35, 39, 42),
(505, 60, 85, 69, 60, 69, 77),
(506, 45, 60, 45, 25, 45, 55),
(507, 65, 80, 65, 35, 65, 60),
(508, 85, 110, 90, 45, 90, 80),
(509, 41, 50, 37, 50, 37, 66),
(510, 64, 88, 50, 88, 50, 106),
(511, 50, 53, 48, 53, 48, 64),
(512, 75, 98, 63, 98, 63, 101),
(513, 50, 53, 48, 53, 48, 64),
(514, 75, 98, 63, 98, 63, 101),
(515, 50, 53, 48, 53, 48, 64),
(516, 75, 98, 63, 98, 63, 101),
(517, 76, 25, 45, 67, 55, 24),
(518, 116, 55, 85, 107, 95, 29),
(519, 50, 55, 50, 36, 30, 43),
(520, 62, 77, 62, 50, 42, 65),
(521, 80, 115, 80, 65, 55, 93),
(522, 45, 60, 32, 50, 32, 76),
(523, 75, 100, 63, 80, 63, 116),
(524, 55, 75, 85, 25, 25, 15),
(525, 70, 105, 105, 50, 40, 20),
(526, 85, 135, 130, 60, 80, 25),
(527, 55, 45, 43, 55, 43, 72),
(528, 67, 57, 55, 77, 55, 114),
(529, 60, 85, 40, 30, 45, 68),
(530, 110, 135, 60, 50, 65, 88),
(531, 103, 60, 86, 60, 86, 50),
(532, 75, 80, 55, 25, 35, 35),
(533, 85, 105, 85, 40, 50, 40),
(534, 105, 140, 95, 55, 65, 45),
(535, 50, 50, 40, 50, 40, 64),
(536, 75, 65, 55, 65, 55, 69),
(537, 105, 95, 75, 85, 75, 74),
(538, 120, 100, 85, 30, 85, 45),
(539, 75, 125, 75, 30, 75, 85),
(540, 45, 53, 70, 40, 60, 42),
(541, 55, 63, 90, 50, 80, 42),
(542, 75, 103, 80, 70, 80, 92),
(543, 30, 45, 59, 30, 39, 57),
(544, 40, 55, 99, 40, 79, 47),
(545, 60, 100, 89, 55, 69, 112),
(546, 40, 27, 60, 37, 50, 66),
(547, 60, 67, 85, 77, 75, 116),
(548, 45, 35, 50, 70, 50, 30),
(549, 70, 60, 75, 110, 75, 90),
(550, 70, 92, 65, 80, 55, 98),
(551, 50, 72, 35, 35, 35, 65),
(552, 60, 82, 45, 45, 45, 74),
(553, 95, 117, 80, 65, 70, 92),
(554, 70, 90, 45, 15, 45, 50),
(555, 105, 140, 55, 30, 55, 95),
(556, 75, 86, 67, 106, 67, 60),
(557, 50, 65, 85, 35, 35, 55),
(558, 70, 95, 125, 65, 75, 45),
(559, 50, 75, 70, 35, 70, 48),
(560, 65, 90, 115, 45, 115, 58),
(561, 72, 58, 80, 103, 80, 97),
(562, 38, 30, 85, 55, 65, 30),
(563, 58, 50, 145, 95, 105, 30),
(564, 54, 78, 103, 53, 45, 22),
(565, 74, 108, 133, 83, 65, 32),
(566, 55, 112, 45, 74, 45, 70),
(567, 75, 140, 65, 112, 65, 110),
(568, 50, 50, 62, 40, 62, 65),
(569, 80, 95, 82, 60, 82, 75),
(570, 40, 65, 40, 80, 40, 65),
(571, 60, 105, 60, 120, 60, 105),
(572, 55, 50, 40, 40, 40, 75),
(573, 75, 95, 60, 65, 60, 115),
(574, 45, 30, 50, 55, 65, 45),
(575, 60, 45, 70, 75, 85, 55),
(576, 70, 55, 95, 95, 110, 65),
(577, 45, 30, 40, 105, 50, 20),
(578, 65, 40, 50, 125, 60, 30),
(579, 110, 65, 75, 125, 85, 30),
(580, 62, 44, 50, 44, 50, 55),
(581, 75, 87, 63, 87, 63, 98),
(582, 36, 50, 50, 65, 60, 44),
(583, 51, 65, 65, 80, 75, 59),
(584, 71, 95, 85, 110, 95, 79),
(585, 60, 60, 50, 40, 50, 75),
(586, 80, 100, 70, 60, 70, 95),
(587, 55, 75, 60, 75, 60, 103),
(588, 50, 75, 45, 40, 45, 60),
(589, 70, 135, 105, 60, 105, 20),
(590, 69, 55, 45, 55, 55, 15),
(591, 114, 85, 70, 85, 80, 30),
(592, 55, 40, 50, 65, 85, 40),
(593, 100, 60, 70, 85, 105, 60),
(594, 165, 75, 80, 40, 45, 65),
(595, 50, 47, 50, 57, 50, 65),
(596, 70, 77, 60, 97, 60, 108),
(597, 44, 50, 91, 24, 86, 10),
(598, 74, 94, 131, 54, 116, 20),
(599, 40, 55, 70, 45, 60, 30),
(600, 60, 80, 95, 70, 85, 50),
(601, 60, 100, 115, 70, 85, 90),
(602, 35, 55, 40, 45, 40, 60),
(603, 65, 85, 70, 75, 70, 40),
(604, 85, 115, 80, 105, 80, 50),
(605, 55, 55, 55, 85, 55, 30),
(606, 75, 75, 75, 125, 95, 40),
(607, 50, 30, 55, 65, 55, 20),
(608, 60, 40, 60, 95, 60, 55),
(609, 60, 55, 90, 145, 90, 80),
(610, 46, 87, 60, 30, 40, 57),
(611, 66, 117, 70, 40, 50, 67),
(612, 76, 147, 90, 60, 70, 97),
(613, 55, 70, 40, 60, 40, 40),
(614, 95, 110, 80, 70, 80, 50),
(615, 70, 50, 30, 95, 135, 105),
(616, 50, 40, 85, 40, 65, 25),
(617, 80, 70, 40, 100, 60, 145),
(618, 109, 66, 84, 81, 99, 32),
(619, 45, 85, 50, 55, 50, 65),
(620, 65, 125, 60, 95, 60, 105),
(621, 77, 120, 90, 60, 90, 48),
(622, 59, 74, 50, 35, 50, 35),
(623, 89, 124, 80, 55, 80, 55),
(624, 45, 85, 70, 40, 40, 60),
(625, 65, 125, 100, 60, 70, 70),
(626, 95, 110, 95, 40, 95, 55),
(627, 70, 83, 50, 37, 50, 60),
(628, 100, 123, 75, 57, 75, 80),
(629, 70, 55, 75, 45, 65, 60),
(630, 110, 65, 105, 55, 95, 80),
(631, 85, 97, 66, 105, 66, 65),
(632, 58, 109, 112, 48, 48, 109),
(633, 52, 65, 50, 45, 50, 38),
(634, 72, 85, 70, 65, 70, 58),
(635, 92, 105, 90, 125, 90, 98),
(636, 55, 85, 55, 50, 55, 60),
(637, 85, 60, 65, 135, 105, 100),
(638, 91, 90, 129, 90, 72, 108),
(639, 91, 129, 90, 72, 90, 108),
(640, 91, 90, 72, 90, 129, 108),
(641, 79, 115, 70, 125, 80, 111),
(642, 79, 115, 70, 125, 80, 111),
(643, 100, 120, 100, 150, 120, 90),
(644, 100, 150, 120, 120, 100, 90),
(645, 89, 125, 90, 115, 80, 101),
(646, 125, 130, 90, 130, 90, 95),
(647, 91, 72, 90, 129, 90, 108),
(648, 100, 77, 77, 128, 128, 90),
(649, 71, 120, 95, 120, 85, 99),
(650, 56, 61, 65, 48, 45, 33),
(651, 61, 78, 95, 56, 58, 57),
(652, 88, 107, 122, 74, 75, 64),
(653, 40, 45, 40, 62, 60, 60),
(654, 59, 59, 58, 90, 70, 73),
(655, 75, 69, 72, 114, 100, 104),
(656, 41, 56, 40, 62, 44, 71),
(657, 54, 63, 52, 83, 56, 97),
(658, 72, 95, 67, 103, 71, 122),
(659, 38, 36, 38, 32, 36, 57),
(660, 85, 56, 77, 50, 77, 78),
(661, 45, 50, 43, 40, 38, 62),
(662, 62, 73, 55, 56, 52, 84),
(663, 78, 81, 71, 74, 69, 126),
(664, 38, 35, 40, 27, 25, 35),
(665, 45, 22, 60, 27, 30, 29),
(666, 80, 52, 50, 90, 50, 89),
(667, 62, 50, 58, 73, 54, 72),
(668, 86, 68, 72, 109, 66, 106),
(669, 44, 38, 39, 61, 79, 42),
(670, 54, 45, 47, 75, 98, 52),
(671, 78, 65, 68, 112, 154, 75),
(672, 66, 65, 48, 62, 57, 52),
(673, 123, 100, 62, 97, 81, 68),
(674, 67, 82, 62, 46, 48, 43),
(675, 95, 124, 78, 69, 71, 58),
(676, 75, 80, 60, 65, 90, 102),
(677, 62, 48, 54, 63, 60, 68),
(678, 74, 48, 76, 83, 81, 104),
(679, 45, 80, 100, 35, 37, 28),
(680, 59, 110, 150, 45, 49, 35),
(681, 60, 150, 50, 150, 50, 60),
(682, 78, 52, 60, 63, 65, 23),
(683, 101, 72, 72, 99, 89, 29),
(684, 62, 48, 66, 59, 57, 49),
(685, 82, 80, 86, 85, 75, 72),
(686, 53, 54, 37, 46, 45, 45),
(687, 86, 92, 88, 68, 75, 73),
(688, 42, 52, 67, 39, 56, 50),
(689, 72, 105, 115, 54, 86, 68),
(690, 50, 60, 60, 60, 60, 30),
(691, 65, 75, 90, 97, 123, 44),
(692, 50, 53, 62, 58, 63, 44),
(693, 71, 73, 88, 120, 89, 59),
(694, 44, 38, 33, 61, 43, 70),
(695, 62, 55, 52, 109, 94, 109),
(696, 58, 89, 77, 45, 45, 48),
(697, 82, 121, 119, 69, 59, 71),
(698, 77, 59, 50, 67, 63, 46),
(699, 123, 77, 72, 99, 92, 58),
(700, 95, 65, 65, 110, 130, 60),
(701, 78, 92, 75, 74, 63, 118),
(702, 67, 58, 57, 81, 67, 101),
(703, 50, 50, 150, 50, 150, 50),
(704, 45, 50, 35, 55, 75, 40),
(705, 68, 75, 53, 83, 113, 60),
(706, 90, 100, 70, 110, 150, 80),
(707, 57, 80, 91, 80, 87, 75),
(708, 43, 70, 48, 50, 60, 38),
(709, 85, 110, 76, 65, 82, 56),
(710, 44, 66, 70, 44, 55, 56),
(711, 55, 85, 122, 58, 75, 99),
(712, 55, 69, 85, 32, 35, 28),
(713, 95, 117, 184, 44, 46, 28),
(714, 40, 30, 35, 45, 40, 55),
(715, 85, 70, 80, 97, 80, 123),
(716, 126, 131, 95, 131, 98, 99),
(717, 126, 131, 95, 131, 98, 99),
(718, 108, 100, 121, 81, 95, 95),
(719, 50, 100, 150, 100, 150, 50),
(720, 80, 110, 60, 150, 130, 70),
(721, 80, 110, 120, 130, 90, 70);

-- --------------------------------------------------------

--
-- Struttura della tabella `box`
--

CREATE TABLE `box` (
  `id` int NOT NULL,
  `id_utente` int NOT NULL,
  `nome_box` varchar(255) NOT NULL
) ENGINE=InnoDB DEFAULT CHARSET=utf8mb4 COLLATE=utf8mb4_0900_ai_ci;

--
-- Dump dei dati per la tabella `box`
--

INSERT INTO `box` (`id`, `id_utente`, `nome_box`) VALUES
(1, 1, 'test box 1'),
(2, 1, 'Test box 2'),
(3, 1, 'Test box 3'),
(4, 1, 'Test box 4'),
(5, 13, '5'),
(6, 13, '6'),
(7, 13, '7'),
(8, 13, 'xjuqwixu8'),
(13, 17, 'Box: 0 Utente: 17'),
(14, 17, 'Box: 1 Utente: 17'),
(15, 17, 'Box: 2 Utente: 17'),
(16, 17, 'Box: 3 Utente: 17');

-- --------------------------------------------------------

--
-- Struttura della tabella `box_pokemon`
--

CREATE TABLE `box_pokemon` (
  `id_box` int NOT NULL,
  `id_pokemon` int NOT NULL
) ENGINE=InnoDB DEFAULT CHARSET=utf8mb4 COLLATE=utf8mb4_0900_ai_ci;

--
-- Dump dei dati per la tabella `box_pokemon`
--

INSERT INTO `box_pokemon` (`id_box`, `id_pokemon`) VALUES
(2, 27),
(1, 6),
(3, 4),
(2, 697),
(2, 721),
(4, 9),
(2, 613),
(4, 131),
(3, 1),
(5, 1),
(2, 11),
(4, 50),
(1, 59),
(5, 170),
(7, 31),
(4, 13),
(4, 3),
(1, 20),
(13, 5),
(13, 4),
(15, 7),
(15, 4),
(15, 4),
(15, 13);

-- --------------------------------------------------------

--
-- Struttura stand-in per le viste `habitat_view`
-- (Vedi sotto per la vista effettiva)
--
CREATE TABLE `habitat_view` (
`base_happiness` int
,`capture_rate` int
,`hab_name` int
,`pok_height` int
,`pok_id` int
,`pok_name` int
,`pok_weight` int
);

-- --------------------------------------------------------

--
-- Struttura della tabella `moves`
--

CREATE TABLE `moves` (
  `move_id` int NOT NULL,
  `move_name` varchar(79) NOT NULL,
  `type_id` int NOT NULL,
  `move_power` smallint DEFAULT NULL,
  `move_pp` smallint DEFAULT NULL,
  `move_accuracy` smallint DEFAULT NULL
) ENGINE=InnoDB DEFAULT CHARSET=utf8mb3;

--
-- Dump dei dati per la tabella `moves`
--

INSERT INTO `moves` (`move_id`, `move_name`, `type_id`, `move_power`, `move_pp`, `move_accuracy`) VALUES
(2, 'karate-chop', 2, 50, 25, 100),
(3, 'double-slap', 1, 15, 10, 85),
(4, 'comet-punch', 1, 18, 15, 85),
(5, 'mega-punch', 1, 80, 20, 85),
(6, 'pay-day', 1, 40, 20, 100),
(7, 'fire-punch', 10, 75, 15, 100),
(8, 'ice-punch', 15, 75, 15, 100),
(9, 'thunder-punch', 13, 75, 15, 100),
(10, 'scratch', 1, 40, 35, 100),
(11, 'vice-grip', 1, 55, 30, 100),
(12, 'guillotine', 1, NULL, 5, 30),
(13, 'razor-wind', 1, 80, 10, 100),
(14, 'swords-dance', 1, NULL, 20, NULL),
(15, 'cut', 1, 50, 30, 95),
(16, 'gust', 3, 40, 35, 100),
(17, 'wing-attack', 3, 60, 35, 100),
(18, 'whirlwind', 1, NULL, 20, NULL),
(19, 'fly', 3, 90, 15, 95),
(20, 'bind', 1, 15, 20, 85),
(21, 'slam', 1, 80, 20, 75),
(22, 'vine-whip', 12, 45, 25, 100),
(23, 'stomp', 1, 65, 20, 100),
(24, 'double-kick', 2, 30, 30, 100),
(25, 'mega-kick', 1, 120, 5, 75),
(26, 'jump-kick', 2, 100, 10, 95),
(27, 'rolling-kick', 2, 60, 15, 85),
(28, 'sand-attack', 5, NULL, 15, 100),
(29, 'headbutt', 1, 70, 15, 100),
(30, 'horn-attack', 1, 65, 25, 100),
(31, 'fury-attack', 1, 15, 20, 85),
(32, 'horn-drill', 1, NULL, 5, 30),
(33, 'tackle', 1, 50, 35, 100),
(34, 'body-slam', 1, 85, 15, 100),
(35, 'wrap', 1, 15, 20, 90),
(36, 'take-down', 1, 90, 20, 85),
(37, 'thrash', 1, 120, 10, 100),
(38, 'double-edge', 1, 120, 15, 100),
(39, 'tail-whip', 1, NULL, 30, 100),
(40, 'poison-sting', 4, 15, 35, 100),
(41, 'twineedle', 7, 25, 20, 100),
(42, 'pin-missile', 7, 25, 20, 95),
(43, 'leer', 1, NULL, 30, 100),
(44, 'bite', 17, 60, 25, 100),
(45, 'growl', 1, NULL, 40, 100),
(46, 'roar', 1, NULL, 20, NULL),
(47, 'sing', 1, NULL, 15, 55),
(48, 'supersonic', 1, NULL, 20, 55),
(49, 'sonic-boom', 1, NULL, 20, 90),
(50, 'disable', 1, NULL, 20, 100),
(51, 'acid', 4, 40, 30, 100),
(52, 'ember', 10, 40, 25, 100),
(53, 'flamethrower', 10, 90, 15, 100),
(54, 'mist', 15, NULL, 30, NULL),
(55, 'water-gun', 11, 40, 25, 100),
(56, 'hydro-pump', 11, 110, 5, 80),
(57, 'surf', 11, 90, 15, 100),
(58, 'ice-beam', 15, 90, 10, 100),
(59, 'blizzard', 15, 110, 5, 70),
(60, 'psybeam', 14, 65, 20, 100),
(61, 'bubble-beam', 11, 65, 20, 100),
(62, 'aurora-beam', 15, 65, 20, 100),
(63, 'hyper-beam', 1, 150, 5, 90),
(64, 'peck', 3, 35, 35, 100),
(65, 'drill-peck', 3, 80, 20, 100),
(66, 'submission', 2, 80, 20, 80),
(67, 'low-kick', 2, NULL, 20, 100),
(68, 'counter', 2, NULL, 20, 100),
(69, 'seismic-toss', 2, NULL, 20, 100),
(70, 'strength', 1, 80, 15, 100),
(71, 'absorb', 12, 20, 25, 100),
(72, 'mega-drain', 12, 40, 15, 100),
(73, 'leech-seed', 12, NULL, 10, 90),
(74, 'growth', 1, NULL, 20, NULL),
(75, 'razor-leaf', 12, 55, 25, 95),
(76, 'solar-beam', 12, 120, 10, 100),
(77, 'poison-powder', 4, NULL, 35, 75),
(78, 'stun-spore', 12, NULL, 30, 75),
(79, 'sleep-powder', 12, NULL, 15, 75),
(80, 'petal-dance', 12, 120, 10, 100),
(81, 'string-shot', 7, NULL, 40, 95),
(82, 'dragon-rage', 16, NULL, 10, 100),
(83, 'fire-spin', 10, 35, 15, 85),
(84, 'thunder-shock', 13, 40, 30, 100),
(85, 'thunderbolt', 13, 90, 15, 100),
(86, 'thunder-wave', 13, NULL, 20, 100),
(87, 'thunder', 13, 110, 10, 70),
(88, 'rock-throw', 6, 50, 15, 90),
(89, 'earthquake', 5, 100, 10, 100),
(90, 'fissure', 5, NULL, 5, 30),
(91, 'dig', 5, 80, 10, 100),
(92, 'toxic', 4, NULL, 10, 90),
(93, 'confusion', 14, 50, 25, 100),
(94, 'psychic', 14, 90, 10, 100),
(95, 'hypnosis', 14, NULL, 20, 60),
(96, 'meditate', 14, NULL, 40, NULL),
(97, 'agility', 14, NULL, 30, NULL),
(98, 'quick-attack', 1, 40, 30, 100),
(99, 'rage', 1, 20, 20, 100),
(100, 'teleport', 14, NULL, 20, NULL),
(101, 'night-shade', 8, NULL, 15, 100),
(102, 'mimic', 1, NULL, 10, NULL),
(103, 'screech', 1, NULL, 40, 85),
(104, 'double-team', 1, NULL, 15, NULL),
(105, 'recover', 1, NULL, 10, NULL),
(106, 'harden', 1, NULL, 30, NULL),
(107, 'minimize', 1, NULL, 10, NULL),
(108, 'smokescreen', 1, NULL, 20, 100),
(109, 'confuse-ray', 8, NULL, 10, 100),
(110, 'withdraw', 11, NULL, 40, NULL),
(111, 'defense-curl', 1, NULL, 40, NULL),
(112, 'barrier', 14, NULL, 20, NULL),
(113, 'light-screen', 14, NULL, 30, NULL),
(114, 'haze', 15, NULL, 30, NULL),
(115, 'reflect', 14, NULL, 20, NULL),
(116, 'focus-energy', 1, NULL, 30, NULL),
(117, 'bide', 1, NULL, 10, NULL),
(118, 'metronome', 1, NULL, 10, NULL),
(119, 'mirror-move', 3, NULL, 20, NULL),
(120, 'self-destruct', 1, 200, 5, 100),
(121, 'egg-bomb', 1, 100, 10, 75),
(122, 'lick', 8, 30, 30, 100),
(123, 'smog', 4, 30, 20, 70),
(124, 'sludge', 4, 65, 20, 100),
(125, 'bone-club', 5, 65, 20, 85),
(126, 'fire-blast', 10, 110, 5, 85),
(127, 'waterfall', 11, 80, 15, 100),
(128, 'clamp', 11, 35, 15, 85),
(129, 'swift', 1, 60, 20, NULL),
(130, 'skull-bash', 1, 130, 10, 100),
(131, 'spike-cannon', 1, 20, 15, 100),
(132, 'constrict', 1, 10, 35, 100),
(133, 'amnesia', 14, NULL, 20, NULL),
(134, 'kinesis', 14, NULL, 15, 80),
(135, 'soft-boiled', 1, NULL, 10, NULL),
(136, 'high-jump-kick', 2, 130, 10, 90),
(137, 'glare', 1, NULL, 30, 100),
(138, 'dream-eater', 14, 100, 15, 100),
(139, 'poison-gas', 4, NULL, 40, 90),
(140, 'barrage', 1, 15, 20, 85),
(141, 'leech-life', 7, 20, 15, 100),
(142, 'lovely-kiss', 1, NULL, 10, 75),
(143, 'sky-attack', 3, 140, 5, 90),
(144, 'transform', 1, NULL, 10, NULL),
(145, 'bubble', 11, 40, 30, 100),
(146, 'dizzy-punch', 1, 70, 10, 100),
(147, 'spore', 12, NULL, 15, 100),
(148, 'flash', 1, NULL, 20, 100),
(149, 'psywave', 14, NULL, 15, 100),
(150, 'splash', 1, NULL, 40, NULL),
(151, 'acid-armor', 4, NULL, 20, NULL),
(152, 'crabhammer', 11, 100, 10, 90),
(153, 'explosion', 1, 250, 5, 100),
(154, 'fury-swipes', 1, 18, 15, 80),
(155, 'bonemerang', 5, 50, 10, 90),
(156, 'rest', 14, NULL, 10, NULL),
(157, 'rock-slide', 6, 75, 10, 90),
(158, 'hyper-fang', 1, 80, 15, 90),
(159, 'sharpen', 1, NULL, 30, NULL),
(160, 'conversion', 1, NULL, 30, NULL),
(161, 'tri-attack', 1, 80, 10, 100),
(162, 'super-fang', 1, NULL, 10, 90),
(163, 'slash', 1, 70, 20, 100),
(164, 'substitute', 1, NULL, 10, NULL),
(165, 'struggle', 1, 50, NULL, NULL),
(166, 'sketch', 1, NULL, 1, NULL),
(167, 'triple-kick', 2, 10, 10, 90),
(168, 'thief', 17, 60, 25, 100),
(169, 'spider-web', 7, NULL, 10, NULL),
(170, 'mind-reader', 1, NULL, 5, NULL),
(171, 'nightmare', 8, NULL, 15, 100),
(172, 'flame-wheel', 10, 60, 25, 100),
(173, 'snore', 1, 50, 15, 100),
(174, 'curse', 8, NULL, 10, NULL),
(175, 'flail', 1, NULL, 15, 100),
(176, 'conversion-2', 1, NULL, 30, NULL),
(177, 'aeroblast', 3, 100, 5, 95),
(178, 'cotton-spore', 12, NULL, 40, 100),
(179, 'reversal', 2, NULL, 15, 100),
(180, 'spite', 8, NULL, 10, 100),
(181, 'powder-snow', 15, 40, 25, 100),
(182, 'protect', 1, NULL, 10, NULL),
(183, 'mach-punch', 2, 40, 30, 100),
(184, 'scary-face', 1, NULL, 10, 100),
(185, 'feint-attack', 17, 60, 20, NULL),
(186, 'sweet-kiss', 18, NULL, 10, 75),
(187, 'belly-drum', 1, NULL, 10, NULL),
(188, 'sludge-bomb', 4, 90, 10, 100),
(189, 'mud-slap', 5, 20, 10, 100),
(190, 'octazooka', 11, 65, 10, 85),
(191, 'spikes', 5, NULL, 20, NULL),
(192, 'zap-cannon', 13, 120, 5, 50),
(193, 'foresight', 1, NULL, 40, NULL),
(194, 'destiny-bond', 8, NULL, 5, NULL),
(195, 'perish-song', 1, NULL, 5, NULL),
(196, 'icy-wind', 15, 55, 15, 95),
(197, 'detect', 2, NULL, 5, NULL),
(198, 'bone-rush', 5, 25, 10, 90),
(199, 'lock-on', 1, NULL, 5, NULL),
(200, 'outrage', 16, 120, 10, 100),
(201, 'sandstorm', 6, NULL, 10, NULL),
(202, 'giga-drain', 12, 75, 10, 100),
(203, 'endure', 1, NULL, 10, NULL),
(204, 'charm', 18, NULL, 20, 100),
(205, 'rollout', 6, 30, 20, 90),
(206, 'false-swipe', 1, 40, 40, 100),
(207, 'swagger', 1, NULL, 15, 90),
(208, 'milk-drink', 1, NULL, 10, NULL),
(209, 'spark', 13, 65, 20, 100),
(210, 'fury-cutter', 7, 40, 20, 95),
(211, 'steel-wing', 9, 70, 25, 90),
(212, 'mean-look', 1, NULL, 5, NULL),
(213, 'attract', 1, NULL, 15, 100),
(214, 'sleep-talk', 1, NULL, 10, NULL),
(215, 'heal-bell', 1, NULL, 5, NULL),
(216, 'return', 1, NULL, 20, 100),
(217, 'present', 1, NULL, 15, 90),
(218, 'frustration', 1, NULL, 20, 100),
(219, 'safeguard', 1, NULL, 25, NULL),
(220, 'pain-split', 1, NULL, 20, NULL),
(221, 'sacred-fire', 10, 100, 5, 95),
(222, 'magnitude', 5, NULL, 30, 100),
(223, 'dynamic-punch', 2, 100, 5, 50),
(224, 'megahorn', 7, 120, 10, 85),
(225, 'dragon-breath', 16, 60, 20, 100),
(226, 'baton-pass', 1, NULL, 40, NULL),
(227, 'encore', 1, NULL, 5, 100),
(228, 'pursuit', 17, 40, 20, 100),
(229, 'rapid-spin', 1, 20, 40, 100),
(230, 'sweet-scent', 1, NULL, 20, 100),
(231, 'iron-tail', 9, 100, 15, 75),
(232, 'metal-claw', 9, 50, 35, 95),
(233, 'vital-throw', 2, 70, 10, NULL),
(234, 'morning-sun', 1, NULL, 5, NULL),
(235, 'synthesis', 12, NULL, 5, NULL),
(236, 'moonlight', 18, NULL, 5, NULL),
(237, 'hidden-power', 1, 60, 15, 100),
(238, 'cross-chop', 2, 100, 5, 80),
(239, 'twister', 16, 40, 20, 100),
(240, 'rain-dance', 11, NULL, 5, NULL),
(241, 'sunny-day', 10, NULL, 5, NULL),
(242, 'crunch', 17, 80, 15, 100),
(243, 'mirror-coat', 14, NULL, 20, 100),
(244, 'psych-up', 1, NULL, 10, NULL),
(245, 'extreme-speed', 1, 80, 5, 100),
(246, 'ancient-power', 6, 60, 5, 100),
(247, 'shadow-ball', 8, 80, 15, 100),
(248, 'future-sight', 14, 120, 10, 100),
(249, 'rock-smash', 2, 40, 15, 100),
(250, 'whirlpool', 11, 35, 15, 85),
(251, 'beat-up', 17, NULL, 10, 100),
(252, 'fake-out', 1, 40, 10, 100),
(253, 'uproar', 1, 90, 10, 100),
(254, 'stockpile', 1, NULL, 20, NULL),
(255, 'spit-up', 1, NULL, 10, 100),
(256, 'swallow', 1, NULL, 10, NULL),
(257, 'heat-wave', 10, 95, 10, 90),
(258, 'hail', 15, NULL, 10, NULL),
(259, 'torment', 17, NULL, 15, 100),
(260, 'flatter', 17, NULL, 15, 100),
(261, 'will-o-wisp', 10, NULL, 15, 85),
(262, 'memento', 17, NULL, 10, 100),
(263, 'facade', 1, 70, 20, 100),
(264, 'focus-punch', 2, 150, 20, 100),
(265, 'smelling-salts', 1, 70, 10, 100),
(266, 'follow-me', 1, NULL, 20, NULL),
(267, 'nature-power', 1, NULL, 20, NULL),
(268, 'charge', 13, NULL, 20, NULL),
(269, 'taunt', 17, NULL, 20, 100),
(270, 'helping-hand', 1, NULL, 20, NULL),
(271, 'trick', 14, NULL, 10, 100),
(272, 'role-play', 14, NULL, 10, NULL),
(273, 'wish', 1, NULL, 10, NULL),
(274, 'assist', 1, NULL, 20, NULL),
(275, 'ingrain', 12, NULL, 20, NULL),
(276, 'superpower', 2, 120, 5, 100),
(277, 'magic-coat', 14, NULL, 15, NULL),
(278, 'recycle', 1, NULL, 10, NULL),
(279, 'revenge', 2, 60, 10, 100),
(280, 'brick-break', 2, 75, 15, 100),
(281, 'yawn', 1, NULL, 10, NULL),
(282, 'knock-off', 17, 65, 20, 100),
(283, 'endeavor', 1, NULL, 5, 100),
(284, 'eruption', 10, 150, 5, 100),
(285, 'skill-swap', 14, NULL, 10, NULL),
(286, 'imprison', 14, NULL, 10, NULL),
(287, 'refresh', 1, NULL, 20, NULL),
(288, 'grudge', 8, NULL, 5, NULL),
(289, 'snatch', 17, NULL, 10, NULL),
(290, 'secret-power', 1, 70, 20, 100),
(291, 'dive', 11, 80, 10, 100),
(292, 'arm-thrust', 2, 15, 20, 100),
(293, 'camouflage', 1, NULL, 20, NULL),
(294, 'tail-glow', 7, NULL, 20, NULL),
(295, 'luster-purge', 14, 70, 5, 100),
(296, 'mist-ball', 14, 70, 5, 100),
(297, 'feather-dance', 3, NULL, 15, 100),
(298, 'teeter-dance', 1, NULL, 20, 100),
(299, 'blaze-kick', 10, 85, 10, 90),
(300, 'mud-sport', 5, NULL, 15, NULL),
(301, 'ice-ball', 15, 30, 20, 90),
(302, 'needle-arm', 12, 60, 15, 100),
(303, 'slack-off', 1, NULL, 10, NULL),
(304, 'hyper-voice', 1, 90, 10, 100),
(305, 'poison-fang', 4, 50, 15, 100),
(306, 'crush-claw', 1, 75, 10, 95),
(307, 'blast-burn', 10, 150, 5, 90),
(308, 'hydro-cannon', 11, 150, 5, 90),
(309, 'meteor-mash', 9, 90, 10, 90),
(310, 'astonish', 8, 30, 15, 100),
(311, 'weather-ball', 1, 50, 10, 100),
(312, 'aromatherapy', 12, NULL, 5, NULL),
(313, 'fake-tears', 17, NULL, 20, 100),
(314, 'air-cutter', 3, 60, 25, 95),
(315, 'overheat', 10, 130, 5, 90),
(316, 'odor-sleuth', 1, NULL, 40, NULL),
(317, 'rock-tomb', 6, 60, 15, 95),
(318, 'silver-wind', 7, 60, 5, 100),
(319, 'metal-sound', 9, NULL, 40, 85),
(320, 'grass-whistle', 12, NULL, 15, 55),
(321, 'tickle', 1, NULL, 20, 100),
(322, 'cosmic-power', 14, NULL, 20, NULL),
(323, 'water-spout', 11, 150, 5, 100),
(324, 'signal-beam', 7, 75, 15, 100),
(325, 'shadow-punch', 8, 60, 20, NULL),
(326, 'extrasensory', 14, 80, 20, 100),
(327, 'sky-uppercut', 2, 85, 15, 90),
(328, 'sand-tomb', 5, 35, 15, 85),
(329, 'sheer-cold', 15, NULL, 5, 30),
(330, 'muddy-water', 11, 90, 10, 85),
(331, 'bullet-seed', 12, 25, 30, 100),
(332, 'aerial-ace', 3, 60, 20, NULL),
(333, 'icicle-spear', 15, 25, 30, 100),
(334, 'iron-defense', 9, NULL, 15, NULL),
(335, 'block', 1, NULL, 5, NULL),
(336, 'howl', 1, NULL, 40, NULL),
(337, 'dragon-claw', 16, 80, 15, 100),
(338, 'frenzy-plant', 12, 150, 5, 90),
(339, 'bulk-up', 2, NULL, 20, NULL),
(340, 'bounce', 3, 85, 5, 85),
(341, 'mud-shot', 5, 55, 15, 95),
(342, 'poison-tail', 4, 50, 25, 100),
(343, 'covet', 1, 60, 25, 100),
(344, 'volt-tackle', 13, 120, 15, 100),
(345, 'magical-leaf', 12, 60, 20, NULL),
(346, 'water-sport', 11, NULL, 15, NULL),
(347, 'calm-mind', 14, NULL, 20, NULL),
(348, 'leaf-blade', 12, 90, 15, 100),
(349, 'dragon-dance', 16, NULL, 20, NULL),
(350, 'rock-blast', 6, 25, 10, 90),
(351, 'shock-wave', 13, 60, 20, NULL),
(352, 'water-pulse', 11, 60, 20, 100),
(353, 'doom-desire', 9, 140, 5, 100),
(354, 'psycho-boost', 14, 140, 5, 90),
(355, 'roost', 3, NULL, 10, NULL),
(356, 'gravity', 14, NULL, 5, NULL),
(357, 'miracle-eye', 14, NULL, 40, NULL),
(358, 'wake-up-slap', 2, 70, 10, 100),
(359, 'hammer-arm', 2, 100, 10, 90),
(360, 'gyro-ball', 9, NULL, 5, 100),
(361, 'healing-wish', 14, NULL, 10, NULL),
(362, 'brine', 11, 65, 10, 100),
(363, 'natural-gift', 1, NULL, 15, 100),
(364, 'feint', 1, 30, 10, 100),
(365, 'pluck', 3, 60, 20, 100),
(366, 'tailwind', 3, NULL, 15, NULL),
(367, 'acupressure', 1, NULL, 30, NULL),
(368, 'metal-burst', 9, NULL, 10, 100),
(369, 'u-turn', 7, 70, 20, 100),
(370, 'close-combat', 2, 120, 5, 100),
(371, 'payback', 17, 50, 10, 100),
(372, 'assurance', 17, 60, 10, 100),
(373, 'embargo', 17, NULL, 15, 100),
(374, 'fling', 17, NULL, 10, 100),
(375, 'psycho-shift', 14, NULL, 10, 100),
(376, 'trump-card', 1, NULL, 5, NULL),
(377, 'heal-block', 14, NULL, 15, 100),
(378, 'wring-out', 1, NULL, 5, 100),
(379, 'power-trick', 14, NULL, 10, NULL),
(380, 'gastro-acid', 4, NULL, 10, 100),
(381, 'lucky-chant', 1, NULL, 30, NULL),
(382, 'me-first', 1, NULL, 20, NULL),
(383, 'copycat', 1, NULL, 20, NULL),
(384, 'power-swap', 14, NULL, 10, NULL),
(385, 'guard-swap', 14, NULL, 10, NULL),
(386, 'punishment', 17, NULL, 5, 100),
(387, 'last-resort', 1, 140, 5, 100),
(388, 'worry-seed', 12, NULL, 10, 100),
(389, 'sucker-punch', 17, 80, 5, 100),
(390, 'toxic-spikes', 4, NULL, 20, NULL),
(391, 'heart-swap', 14, NULL, 10, NULL),
(392, 'aqua-ring', 11, NULL, 20, NULL),
(393, 'magnet-rise', 13, NULL, 10, NULL),
(394, 'flare-blitz', 10, 120, 15, 100),
(395, 'force-palm', 2, 60, 10, 100),
(396, 'aura-sphere', 2, 80, 20, NULL),
(397, 'rock-polish', 6, NULL, 20, NULL),
(398, 'poison-jab', 4, 80, 20, 100),
(399, 'dark-pulse', 17, 80, 15, 100),
(400, 'night-slash', 17, 70, 15, 100),
(401, 'aqua-tail', 11, 90, 10, 90),
(402, 'seed-bomb', 12, 80, 15, 100),
(403, 'air-slash', 3, 75, 15, 95),
(404, 'x-scissor', 7, 80, 15, 100),
(405, 'bug-buzz', 7, 90, 10, 100),
(406, 'dragon-pulse', 16, 85, 10, 100),
(407, 'dragon-rush', 16, 100, 10, 75),
(408, 'power-gem', 6, 80, 20, 100),
(409, 'drain-punch', 2, 75, 10, 100),
(410, 'vacuum-wave', 2, 40, 30, 100),
(411, 'focus-blast', 2, 120, 5, 70),
(412, 'energy-ball', 12, 90, 10, 100),
(413, 'brave-bird', 3, 120, 15, 100),
(414, 'earth-power', 5, 90, 10, 100),
(415, 'switcheroo', 17, NULL, 10, 100),
(416, 'giga-impact', 1, 150, 5, 90),
(417, 'nasty-plot', 17, NULL, 20, NULL),
(418, 'bullet-punch', 9, 40, 30, 100),
(419, 'avalanche', 15, 60, 10, 100),
(420, 'ice-shard', 15, 40, 30, 100),
(421, 'shadow-claw', 8, 70, 15, 100),
(422, 'thunder-fang', 13, 65, 15, 95),
(423, 'ice-fang', 15, 65, 15, 95),
(424, 'fire-fang', 10, 65, 15, 95),
(425, 'shadow-sneak', 8, 40, 30, 100),
(426, 'mud-bomb', 5, 65, 10, 85),
(427, 'psycho-cut', 14, 70, 20, 100),
(428, 'zen-headbutt', 14, 80, 15, 90),
(429, 'mirror-shot', 9, 65, 10, 85),
(430, 'flash-cannon', 9, 80, 10, 100),
(431, 'rock-climb', 1, 90, 20, 85),
(432, 'defog', 3, NULL, 15, NULL),
(433, 'trick-room', 14, NULL, 5, NULL),
(434, 'draco-meteor', 16, 130, 5, 90),
(435, 'discharge', 13, 80, 15, 100),
(436, 'lava-plume', 10, 80, 15, 100),
(437, 'leaf-storm', 12, 130, 5, 90),
(438, 'power-whip', 12, 120, 10, 85),
(439, 'rock-wrecker', 6, 150, 5, 90),
(440, 'cross-poison', 4, 70, 20, 100),
(441, 'gunk-shot', 4, 120, 5, 80),
(442, 'iron-head', 9, 80, 15, 100),
(443, 'magnet-bomb', 9, 60, 20, NULL),
(444, 'stone-edge', 6, 100, 5, 80),
(445, 'captivate', 1, NULL, 20, 100),
(446, 'stealth-rock', 6, NULL, 20, NULL),
(447, 'grass-knot', 12, NULL, 20, 100),
(448, 'chatter', 3, 65, 20, 100),
(449, 'judgment', 1, 100, 10, 100),
(450, 'bug-bite', 7, 60, 20, 100),
(451, 'charge-beam', 13, 50, 10, 90),
(452, 'wood-hammer', 12, 120, 15, 100),
(453, 'aqua-jet', 11, 40, 20, 100),
(454, 'attack-order', 7, 90, 15, 100),
(455, 'defend-order', 7, NULL, 10, NULL),
(456, 'heal-order', 7, NULL, 10, NULL),
(457, 'head-smash', 6, 150, 5, 80),
(458, 'double-hit', 1, 35, 10, 90),
(459, 'roar-of-time', 16, 150, 5, 90),
(460, 'spacial-rend', 16, 100, 5, 95),
(461, 'lunar-dance', 14, NULL, 10, NULL),
(462, 'crush-grip', 1, NULL, 5, 100),
(463, 'magma-storm', 10, 100, 5, 75),
(464, 'dark-void', 17, NULL, 10, 80),
(465, 'seed-flare', 12, 120, 5, 85),
(466, 'ominous-wind', 8, 60, 5, 100),
(467, 'shadow-force', 8, 120, 5, 100),
(468, 'hone-claws', 17, NULL, 15, NULL),
(469, 'wide-guard', 6, NULL, 10, NULL),
(470, 'guard-split', 14, NULL, 10, NULL),
(471, 'power-split', 14, NULL, 10, NULL),
(472, 'wonder-room', 14, NULL, 10, NULL),
(473, 'psyshock', 14, 80, 10, 100),
(474, 'venoshock', 4, 65, 10, 100),
(475, 'autotomize', 9, NULL, 15, NULL),
(476, 'rage-powder', 7, NULL, 20, NULL),
(477, 'telekinesis', 14, NULL, 15, NULL),
(478, 'magic-room', 14, NULL, 10, NULL),
(479, 'smack-down', 6, 50, 15, 100),
(480, 'storm-throw', 2, 60, 10, 100),
(481, 'flame-burst', 10, 70, 15, 100),
(482, 'sludge-wave', 4, 95, 10, 100),
(483, 'quiver-dance', 7, NULL, 20, NULL),
(484, 'heavy-slam', 9, NULL, 10, 100),
(485, 'synchronoise', 14, 120, 10, 100),
(486, 'electro-ball', 13, NULL, 10, 100),
(487, 'soak', 11, NULL, 20, 100),
(488, 'flame-charge', 10, 50, 20, 100),
(489, 'coil', 4, NULL, 20, NULL),
(490, 'low-sweep', 2, 65, 20, 100),
(491, 'acid-spray', 4, 40, 20, 100),
(492, 'foul-play', 17, 95, 15, 100),
(493, 'simple-beam', 1, NULL, 15, 100),
(494, 'entrainment', 1, NULL, 15, 100),
(495, 'after-you', 1, NULL, 15, NULL),
(496, 'round', 1, 60, 15, 100),
(497, 'echoed-voice', 1, 40, 15, 100),
(498, 'chip-away', 1, 70, 20, 100),
(499, 'clear-smog', 4, 50, 15, NULL),
(500, 'stored-power', 14, 20, 10, 100),
(501, 'quick-guard', 2, NULL, 15, NULL),
(502, 'ally-switch', 14, NULL, 15, NULL),
(503, 'scald', 11, 80, 15, 100),
(504, 'shell-smash', 1, NULL, 15, NULL),
(505, 'heal-pulse', 14, NULL, 10, NULL),
(506, 'hex', 8, 65, 10, 100),
(507, 'sky-drop', 3, 60, 10, 100),
(508, 'shift-gear', 9, NULL, 10, NULL),
(509, 'circle-throw', 2, 60, 10, 90),
(510, 'incinerate', 10, 60, 15, 100),
(511, 'quash', 17, NULL, 15, 100),
(512, 'acrobatics', 3, 55, 15, 100),
(513, 'reflect-type', 1, NULL, 15, NULL),
(514, 'retaliate', 1, 70, 5, 100),
(515, 'final-gambit', 2, NULL, 5, 100),
(516, 'bestow', 1, NULL, 15, NULL),
(517, 'inferno', 10, 100, 5, 50),
(518, 'water-pledge', 11, 80, 10, 100),
(519, 'fire-pledge', 10, 80, 10, 100),
(520, 'grass-pledge', 12, 80, 10, 100),
(521, 'volt-switch', 13, 70, 20, 100),
(522, 'struggle-bug', 7, 50, 20, 100),
(523, 'bulldoze', 5, 60, 20, 100),
(524, 'frost-breath', 15, 60, 10, 90),
(525, 'dragon-tail', 16, 60, 10, 90),
(526, 'work-up', 1, NULL, 30, NULL),
(527, 'electroweb', 13, 55, 15, 95),
(528, 'wild-charge', 13, 90, 15, 100),
(529, 'drill-run', 5, 80, 10, 95),
(530, 'dual-chop', 16, 40, 15, 90),
(531, 'heart-stamp', 14, 60, 25, 100),
(532, 'horn-leech', 12, 75, 10, 100),
(533, 'sacred-sword', 2, 90, 15, 100),
(534, 'razor-shell', 11, 75, 10, 95),
(535, 'heat-crash', 10, NULL, 10, 100),
(536, 'leaf-tornado', 12, 65, 10, 90),
(537, 'steamroller', 7, 65, 20, 100),
(538, 'cotton-guard', 12, NULL, 10, NULL),
(539, 'night-daze', 17, 85, 10, 95),
(540, 'psystrike', 14, 100, 10, 100),
(541, 'tail-slap', 1, 25, 10, 85),
(542, 'hurricane', 3, 110, 10, 70),
(543, 'head-charge', 1, 120, 15, 100),
(544, 'gear-grind', 9, 50, 15, 85),
(545, 'searing-shot', 10, 100, 5, 100),
(546, 'techno-blast', 1, 120, 5, 100),
(547, 'relic-song', 1, 75, 10, 100),
(548, 'secret-sword', 2, 85, 10, 100),
(549, 'glaciate', 15, 65, 10, 95),
(550, 'bolt-strike', 13, 130, 5, 85),
(551, 'blue-flare', 10, 130, 5, 85),
(552, 'fiery-dance', 10, 80, 10, 100),
(553, 'freeze-shock', 15, 140, 5, 90),
(554, 'ice-burn', 15, 140, 5, 90),
(555, 'snarl', 17, 55, 15, 95),
(556, 'icicle-crash', 15, 85, 10, 90),
(557, 'v-create', 10, 180, 5, 95),
(558, 'fusion-flare', 10, 100, 5, 100),
(559, 'fusion-bolt', 13, 100, 5, 100),
(560, 'flying-press', 2, 80, 10, 95),
(561, 'mat-block', 2, NULL, 10, NULL),
(562, 'belch', 4, 120, 10, 90),
(563, 'rototiller', 5, NULL, 10, NULL),
(564, 'sticky-web', 7, NULL, 20, NULL),
(565, 'fell-stinger', 7, 30, 25, 100),
(566, 'phantom-force', 8, 90, 10, 100),
(567, 'trick-or-treat', 8, NULL, 20, 100),
(568, 'noble-roar', 1, NULL, 30, 100),
(569, 'ion-deluge', 13, NULL, 25, NULL),
(570, 'parabolic-charge', 13, 50, 20, 100),
(571, 'forests-curse', 12, NULL, 20, 100),
(572, 'petal-blizzard', 12, 90, 15, 100),
(573, 'freeze-dry', 15, 70, 20, 100),
(574, 'disarming-voice', 18, 40, 15, NULL),
(575, 'parting-shot', 17, NULL, 20, 100),
(576, 'topsy-turvy', 17, NULL, 20, NULL),
(577, 'draining-kiss', 18, 50, 10, 100),
(578, 'crafty-shield', 18, NULL, 10, NULL),
(579, 'flower-shield', 18, NULL, 10, NULL),
(580, 'grassy-terrain', 12, NULL, 10, NULL),
(581, 'misty-terrain', 18, NULL, 10, NULL),
(582, 'electrify', 13, NULL, 20, NULL),
(583, 'play-rough', 18, 90, 10, 90),
(584, 'fairy-wind', 18, 40, 30, 100),
(585, 'moonblast', 18, 95, 15, 100),
(586, 'boomburst', 1, 140, 10, 100),
(587, 'fairy-lock', 18, NULL, 10, NULL),
(588, 'kings-shield', 9, NULL, 10, NULL),
(589, 'play-nice', 1, NULL, 20, NULL),
(590, 'confide', 1, NULL, 20, NULL),
(591, 'diamond-storm', 6, 100, 5, 95),
(592, 'steam-eruption', 11, 110, 5, 95),
(593, 'hyperspace-hole', 14, 80, 5, NULL),
(594, 'water-shuriken', 11, 15, 20, 100),
(595, 'mystical-fire', 10, 65, 10, 100),
(596, 'spiky-shield', 12, NULL, 10, NULL),
(597, 'aromatic-mist', 18, NULL, 20, NULL),
(598, 'eerie-impulse', 13, NULL, 15, 100),
(599, 'venom-drench', 4, NULL, 20, 100),
(600, 'powder', 7, NULL, 20, 100),
(601, 'geomancy', 18, NULL, 10, NULL),
(602, 'magnetic-flux', 13, NULL, 20, NULL),
(603, 'happy-hour', 1, NULL, 30, NULL),
(604, 'electric-terrain', 13, NULL, 10, NULL),
(605, 'dazzling-gleam', 18, 80, 10, 100),
(606, 'celebrate', 1, NULL, 40, NULL),
(607, 'hold-hands', 1, NULL, 40, NULL),
(608, 'baby-doll-eyes', 18, NULL, 30, 100),
(609, 'nuzzle', 13, 20, 20, 100),
(610, 'hold-back', 1, 40, 40, 100),
(611, 'infestation', 7, 20, 20, 100),
(612, 'power-up-punch', 2, 40, 20, 100),
(613, 'oblivion-wing', 3, 80, 10, 100),
(614, 'thousand-arrows', 5, 90, 10, 100),
(615, 'thousand-waves', 5, 90, 10, 100),
(616, 'lands-wrath', 5, 90, 10, 100),
(617, 'light-of-ruin', 18, 140, 5, 90),
(618, 'origin-pulse', 11, 110, 10, 85),
(619, 'precipice-blades', 5, 120, 10, 85),
(620, 'dragon-ascent', 3, 120, 5, 100),
(621, 'hyperspace-fury', 17, 100, 5, NULL);

-- --------------------------------------------------------

--
-- Struttura della tabella `pokemon`
--

CREATE TABLE `pokemon` (
  `pok_id` int NOT NULL,
  `pok_name` varchar(79) NOT NULL,
  `pok_height` int DEFAULT NULL,
  `pok_weight` int DEFAULT NULL,
  `pok_base_experience` int DEFAULT NULL
) ENGINE=InnoDB DEFAULT CHARSET=utf8mb3;

--
-- Dump dei dati per la tabella `pokemon`
--

INSERT INTO `pokemon` (`pok_id`, `pok_name`, `pok_height`, `pok_weight`, `pok_base_experience`) VALUES
(1, 'bulbasaur', 7, 69, 64),
(2, 'ivysaur', 10, 130, 142),
(3, 'venusaur', 20, 1000, 236),
(4, 'charmander', 6, 85, 62),
(5, 'charmeleon', 11, 190, 142),
(6, 'charizard', 17, 905, 240),
(7, 'squirtle', 5, 90, 63),
(8, 'wartortle', 10, 225, 142),
(9, 'blastoise', 16, 855, 239),
(10, 'caterpie', 3, 29, 39),
(11, 'metapod', 7, 99, 72),
(12, 'butterfree', 11, 320, 178),
(13, 'weedle', 3, 32, 39),
(14, 'kakuna', 6, 100, 72),
(15, 'beedrill', 10, 295, 178),
(16, 'pidgey', 3, 18, 50),
(17, 'pidgeotto', 11, 300, 122),
(18, 'pidgeot', 15, 395, 216),
(19, 'rattata', 3, 35, 51),
(20, 'raticate', 7, 185, 145),
(21, 'spearow', 3, 20, 52),
(22, 'fearow', 12, 380, 155),
(23, 'ekans', 20, 69, 58),
(24, 'arbok', 35, 650, 153),
(25, 'pikachu', 4, 60, 112),
(26, 'raichu', 8, 300, 218),
(27, 'sandshrew', 6, 120, 60),
(28, 'sandslash', 10, 295, 158),
(29, 'nidoran-f', 4, 70, 55),
(30, 'nidorina', 8, 200, 128),
(31, 'nidoqueen', 13, 600, 227),
(32, 'nidoran-m', 5, 90, 55),
(33, 'nidorino', 9, 195, 128),
(34, 'nidoking', 14, 620, 227),
(35, 'clefairy', 6, 75, 113),
(36, 'clefable', 13, 400, 217),
(37, 'vulpix', 6, 99, 60),
(38, 'ninetales', 11, 199, 177),
(39, 'jigglypuff', 5, 55, 95),
(40, 'wigglytuff', 10, 120, 196),
(41, 'zubat', 8, 75, 49),
(42, 'golbat', 16, 550, 159),
(43, 'oddish', 5, 54, 64),
(44, 'gloom', 8, 86, 138),
(45, 'vileplume', 12, 186, 221),
(46, 'paras', 3, 54, 57),
(47, 'parasect', 10, 295, 142),
(48, 'venonat', 10, 300, 61),
(49, 'venomoth', 15, 125, 158),
(50, 'diglett', 2, 8, 53),
(51, 'dugtrio', 7, 333, 142),
(52, 'meowth', 4, 42, 58),
(53, 'persian', 10, 320, 154),
(54, 'psyduck', 8, 196, 64),
(55, 'golduck', 17, 766, 175),
(56, 'mankey', 5, 280, 61),
(57, 'primeape', 10, 320, 159),
(58, 'growlithe', 7, 190, 70),
(59, 'arcanine', 19, 1550, 194),
(60, 'poliwag', 6, 124, 60),
(61, 'poliwhirl', 10, 200, 135),
(62, 'poliwrath', 13, 540, 230),
(63, 'abra', 9, 195, 62),
(64, 'kadabra', 13, 565, 140),
(65, 'alakazam', 15, 480, 225),
(66, 'machop', 8, 195, 61),
(67, 'machoke', 15, 705, 142),
(68, 'machamp', 16, 1300, 227),
(69, 'bellsprout', 7, 40, 60),
(70, 'weepinbell', 10, 64, 137),
(71, 'victreebel', 17, 155, 221),
(72, 'tentacool', 9, 455, 67),
(73, 'tentacruel', 16, 550, 180),
(74, 'geodude', 4, 200, 60),
(75, 'graveler', 10, 1050, 137),
(76, 'golem', 14, 3000, 223),
(77, 'ponyta', 10, 300, 82),
(78, 'rapidash', 17, 950, 175),
(79, 'slowpoke', 12, 360, 63),
(80, 'slowbro', 16, 785, 172),
(81, 'magnemite', 3, 60, 65),
(82, 'magneton', 10, 600, 163),
(83, 'farfetchd', 8, 150, 123),
(84, 'doduo', 14, 392, 62),
(85, 'dodrio', 18, 852, 161),
(86, 'seel', 11, 900, 65),
(87, 'dewgong', 17, 1200, 166),
(88, 'grimer', 9, 300, 65),
(89, 'muk', 12, 300, 175),
(90, 'shellder', 3, 40, 61),
(91, 'cloyster', 15, 1325, 184),
(92, 'gastly', 13, 1, 62),
(93, 'haunter', 16, 1, 142),
(94, 'gengar', 15, 405, 225),
(95, 'onix', 88, 2100, 77),
(96, 'drowzee', 10, 324, 66),
(97, 'hypno', 16, 756, 169),
(98, 'krabby', 4, 65, 65),
(99, 'kingler', 13, 600, 166),
(100, 'voltorb', 5, 104, 66),
(101, 'electrode', 12, 666, 168),
(102, 'exeggcute', 4, 25, 65),
(103, 'exeggutor', 20, 1200, 182),
(104, 'cubone', 4, 65, 64),
(105, 'marowak', 10, 450, 149),
(106, 'hitmonlee', 15, 498, 159),
(107, 'hitmonchan', 14, 502, 159),
(108, 'lickitung', 12, 655, 77),
(109, 'koffing', 6, 10, 68),
(110, 'weezing', 12, 95, 172),
(111, 'rhyhorn', 10, 1150, 69),
(112, 'rhydon', 19, 1200, 170),
(113, 'chansey', 11, 346, 395),
(114, 'tangela', 10, 350, 87),
(115, 'kangaskhan', 22, 800, 172),
(116, 'horsea', 4, 80, 59),
(117, 'seadra', 12, 250, 154),
(118, 'goldeen', 6, 150, 64),
(119, 'seaking', 13, 390, 158),
(120, 'staryu', 8, 345, 68),
(121, 'starmie', 11, 800, 182),
(122, 'mr-mime', 13, 545, 161),
(123, 'scyther', 15, 560, 100),
(124, 'jynx', 14, 406, 159),
(125, 'electabuzz', 11, 300, 172),
(126, 'magmar', 13, 445, 173),
(127, 'pinsir', 15, 550, 175),
(128, 'tauros', 14, 884, 172),
(129, 'magikarp', 9, 100, 40),
(130, 'gyarados', 65, 2350, 189),
(131, 'lapras', 25, 2200, 187),
(132, 'ditto', 3, 40, 101),
(133, 'eevee', 3, 65, 65),
(134, 'vaporeon', 10, 290, 184),
(135, 'jolteon', 8, 245, 184),
(136, 'flareon', 9, 250, 184),
(137, 'porygon', 8, 365, 79),
(138, 'omanyte', 4, 75, 71),
(139, 'omastar', 10, 350, 173),
(140, 'kabuto', 5, 115, 71),
(141, 'kabutops', 13, 405, 173),
(142, 'aerodactyl', 18, 590, 180),
(143, 'snorlax', 21, 4600, 189),
(144, 'articuno', 17, 554, 261),
(145, 'zapdos', 16, 526, 261),
(146, 'moltres', 20, 600, 261),
(147, 'dratini', 18, 33, 60),
(148, 'dragonair', 40, 165, 147),
(149, 'dragonite', 22, 2100, 270),
(150, 'mewtwo', 20, 1220, 306),
(151, 'mew', 4, 40, 270),
(152, 'chikorita', 9, 64, 64),
(153, 'bayleef', 12, 158, 142),
(154, 'meganium', 18, 1005, 236),
(155, 'cyndaquil', 5, 79, 62),
(156, 'quilava', 9, 190, 142),
(157, 'typhlosion', 17, 795, 240),
(158, 'totodile', 6, 95, 63),
(159, 'croconaw', 11, 250, 142),
(160, 'feraligatr', 23, 888, 239),
(161, 'sentret', 8, 60, 43),
(162, 'furret', 18, 325, 145),
(163, 'hoothoot', 7, 212, 52),
(164, 'noctowl', 16, 408, 155),
(165, 'ledyba', 10, 108, 53),
(166, 'ledian', 14, 356, 137),
(167, 'spinarak', 5, 85, 50),
(168, 'ariados', 11, 335, 137),
(169, 'crobat', 18, 750, 241),
(170, 'chinchou', 5, 120, 66),
(171, 'lanturn', 12, 225, 161),
(172, 'pichu', 3, 20, 41),
(173, 'cleffa', 3, 30, 44),
(174, 'igglybuff', 3, 10, 42),
(175, 'togepi', 3, 15, 49),
(176, 'togetic', 6, 32, 142),
(177, 'natu', 2, 20, 64),
(178, 'xatu', 15, 150, 165),
(179, 'mareep', 6, 78, 56),
(180, 'flaaffy', 8, 133, 128),
(181, 'ampharos', 14, 615, 230),
(182, 'bellossom', 4, 58, 221),
(183, 'marill', 4, 85, 88),
(184, 'azumarill', 8, 285, 189),
(185, 'sudowoodo', 12, 380, 144),
(186, 'politoed', 11, 339, 225),
(187, 'hoppip', 4, 5, 50),
(188, 'skiploom', 6, 10, 119),
(189, 'jumpluff', 8, 30, 207),
(190, 'aipom', 8, 115, 72),
(191, 'sunkern', 3, 18, 36),
(192, 'sunflora', 8, 85, 149),
(193, 'yanma', 12, 380, 78),
(194, 'wooper', 4, 85, 42),
(195, 'quagsire', 14, 750, 151),
(196, 'espeon', 9, 265, 184),
(197, 'umbreon', 10, 270, 184),
(198, 'murkrow', 5, 21, 81),
(199, 'slowking', 20, 795, 172),
(200, 'misdreavus', 7, 10, 87),
(201, 'unown', 5, 50, 118),
(202, 'wobbuffet', 13, 285, 142),
(203, 'girafarig', 15, 415, 159),
(204, 'pineco', 6, 72, 58),
(205, 'forretress', 12, 1258, 163),
(206, 'dunsparce', 15, 140, 145),
(207, 'gligar', 11, 648, 86),
(208, 'steelix', 92, 4000, 179),
(209, 'snubbull', 6, 78, 60),
(210, 'granbull', 14, 487, 158),
(211, 'qwilfish', 5, 39, 86),
(212, 'scizor', 18, 1180, 175),
(213, 'shuckle', 6, 205, 177),
(214, 'heracross', 15, 540, 175),
(215, 'sneasel', 9, 280, 86),
(216, 'teddiursa', 6, 88, 66),
(217, 'ursaring', 18, 1258, 175),
(218, 'slugma', 7, 350, 50),
(219, 'magcargo', 8, 550, 144),
(220, 'swinub', 4, 65, 50),
(221, 'piloswine', 11, 558, 158),
(222, 'corsola', 6, 50, 133),
(223, 'remoraid', 6, 120, 60),
(224, 'octillery', 9, 285, 168),
(225, 'delibird', 9, 160, 116),
(226, 'mantine', 21, 2200, 163),
(227, 'skarmory', 17, 505, 163),
(228, 'houndour', 6, 108, 66),
(229, 'houndoom', 14, 350, 175),
(230, 'kingdra', 18, 1520, 243),
(231, 'phanpy', 5, 335, 66),
(232, 'donphan', 11, 1200, 175),
(233, 'porygon2', 6, 325, 180),
(234, 'stantler', 14, 712, 163),
(235, 'smeargle', 12, 580, 88),
(236, 'tyrogue', 7, 210, 42),
(237, 'hitmontop', 14, 480, 159),
(238, 'smoochum', 4, 60, 61),
(239, 'elekid', 6, 235, 72),
(240, 'magby', 7, 214, 73),
(241, 'miltank', 12, 755, 172),
(242, 'blissey', 15, 468, 608),
(243, 'raikou', 19, 1780, 261),
(244, 'entei', 21, 1980, 261),
(245, 'suicune', 20, 1870, 261),
(246, 'larvitar', 6, 720, 60),
(247, 'pupitar', 12, 1520, 144),
(248, 'tyranitar', 20, 2020, 270),
(249, 'lugia', 52, 2160, 306),
(250, 'ho-oh', 38, 1990, 306),
(251, 'celebi', 6, 50, 270),
(252, 'treecko', 5, 50, 62),
(253, 'grovyle', 9, 216, 142),
(254, 'sceptile', 17, 522, 239),
(255, 'torchic', 4, 25, 62),
(256, 'combusken', 9, 195, 142),
(257, 'blaziken', 19, 520, 239),
(258, 'mudkip', 4, 76, 62),
(259, 'marshtomp', 7, 280, 142),
(260, 'swampert', 15, 819, 241),
(261, 'poochyena', 5, 136, 44),
(262, 'mightyena', 10, 370, 147),
(263, 'zigzagoon', 4, 175, 48),
(264, 'linoone', 5, 325, 147),
(265, 'wurmple', 3, 36, 39),
(266, 'silcoon', 6, 100, 72),
(267, 'beautifly', 10, 284, 178),
(268, 'cascoon', 7, 115, 41),
(269, 'dustox', 12, 316, 135),
(270, 'lotad', 5, 26, 44),
(271, 'lombre', 12, 325, 119),
(272, 'ludicolo', 15, 550, 216),
(273, 'seedot', 5, 40, 44),
(274, 'nuzleaf', 10, 280, 119),
(275, 'shiftry', 13, 596, 216),
(276, 'taillow', 3, 23, 54),
(277, 'swellow', 7, 198, 151),
(278, 'wingull', 6, 95, 54),
(279, 'pelipper', 12, 280, 151),
(280, 'ralts', 4, 66, 40),
(281, 'kirlia', 8, 202, 97),
(282, 'gardevoir', 16, 484, 233),
(283, 'surskit', 5, 17, 54),
(284, 'masquerain', 8, 36, 145),
(285, 'shroomish', 4, 45, 59),
(286, 'breloom', 12, 392, 161),
(287, 'slakoth', 8, 240, 56),
(288, 'vigoroth', 14, 465, 154),
(289, 'slaking', 20, 1305, 252),
(290, 'nincada', 5, 55, 53),
(291, 'ninjask', 8, 120, 160),
(292, 'shedinja', 8, 12, 83),
(293, 'whismur', 6, 163, 48),
(294, 'loudred', 10, 405, 126),
(295, 'exploud', 15, 840, 221),
(296, 'makuhita', 10, 864, 47),
(297, 'hariyama', 23, 2538, 166),
(298, 'azurill', 2, 20, 38),
(299, 'nosepass', 10, 970, 75),
(300, 'skitty', 6, 110, 52),
(301, 'delcatty', 11, 326, 133),
(302, 'sableye', 5, 110, 133),
(303, 'mawile', 6, 115, 133),
(304, 'aron', 4, 600, 66),
(305, 'lairon', 9, 1200, 151),
(306, 'aggron', 21, 3600, 239),
(307, 'meditite', 6, 112, 56),
(308, 'medicham', 13, 315, 144),
(309, 'electrike', 6, 152, 59),
(310, 'manectric', 15, 402, 166),
(311, 'plusle', 4, 42, 142),
(312, 'minun', 4, 42, 142),
(313, 'volbeat', 7, 177, 140),
(314, 'illumise', 6, 177, 140),
(315, 'roselia', 3, 20, 140),
(316, 'gulpin', 4, 103, 60),
(317, 'swalot', 17, 800, 163),
(318, 'carvanha', 8, 208, 61),
(319, 'sharpedo', 18, 888, 161),
(320, 'wailmer', 20, 1300, 80),
(321, 'wailord', 145, 3980, 175),
(322, 'numel', 7, 240, 61),
(323, 'camerupt', 19, 2200, 161),
(324, 'torkoal', 5, 804, 165),
(325, 'spoink', 7, 306, 66),
(326, 'grumpig', 9, 715, 165),
(327, 'spinda', 11, 50, 126),
(328, 'trapinch', 7, 150, 58),
(329, 'vibrava', 11, 153, 119),
(330, 'flygon', 20, 820, 234),
(331, 'cacnea', 4, 513, 67),
(332, 'cacturne', 13, 774, 166),
(333, 'swablu', 4, 12, 62),
(334, 'altaria', 11, 206, 172),
(335, 'zangoose', 13, 403, 160),
(336, 'seviper', 27, 525, 160),
(337, 'lunatone', 10, 1680, 154),
(338, 'solrock', 12, 1540, 154),
(339, 'barboach', 4, 19, 58),
(340, 'whiscash', 9, 236, 164),
(341, 'corphish', 6, 115, 62),
(342, 'crawdaunt', 11, 328, 164),
(343, 'baltoy', 5, 215, 60),
(344, 'claydol', 15, 1080, 175),
(345, 'lileep', 10, 238, 71),
(346, 'cradily', 15, 604, 173),
(347, 'anorith', 7, 125, 71),
(348, 'armaldo', 15, 682, 173),
(349, 'feebas', 6, 74, 40),
(350, 'milotic', 62, 1620, 189),
(351, 'castform', 3, 8, 147),
(352, 'kecleon', 10, 220, 154),
(353, 'shuppet', 6, 23, 59),
(354, 'banette', 11, 125, 159),
(355, 'duskull', 8, 150, 59),
(356, 'dusclops', 16, 306, 159),
(357, 'tropius', 20, 1000, 161),
(358, 'chimecho', 6, 10, 149),
(359, 'absol', 12, 470, 163),
(360, 'wynaut', 6, 140, 52),
(361, 'snorunt', 7, 168, 60),
(362, 'glalie', 15, 2565, 168),
(363, 'spheal', 8, 395, 58),
(364, 'sealeo', 11, 876, 144),
(365, 'walrein', 14, 1506, 239),
(366, 'clamperl', 4, 525, 69),
(367, 'huntail', 17, 270, 170),
(368, 'gorebyss', 18, 226, 170),
(369, 'relicanth', 10, 234, 170),
(370, 'luvdisc', 6, 87, 116),
(371, 'bagon', 6, 421, 60),
(372, 'shelgon', 11, 1105, 147),
(373, 'salamence', 15, 1026, 270),
(374, 'beldum', 6, 952, 60),
(375, 'metang', 12, 2025, 147),
(376, 'metagross', 16, 5500, 270),
(377, 'regirock', 17, 2300, 261),
(378, 'regice', 18, 1750, 261),
(379, 'registeel', 19, 2050, 261),
(380, 'latias', 14, 400, 270),
(381, 'latios', 20, 600, 270),
(382, 'kyogre', 45, 3520, 302),
(383, 'groudon', 35, 9500, 302),
(384, 'rayquaza', 70, 2065, 306),
(385, 'jirachi', 3, 11, 270),
(386, 'deoxys-normal', 17, 608, 270),
(387, 'turtwig', 4, 102, 64),
(388, 'grotle', 11, 970, 142),
(389, 'torterra', 22, 3100, 236),
(390, 'chimchar', 5, 62, 62),
(391, 'monferno', 9, 220, 142),
(392, 'infernape', 12, 550, 240),
(393, 'piplup', 4, 52, 63),
(394, 'prinplup', 8, 230, 142),
(395, 'empoleon', 17, 845, 239),
(396, 'starly', 3, 20, 49),
(397, 'staravia', 6, 155, 119),
(398, 'staraptor', 12, 249, 218),
(399, 'bidoof', 5, 200, 50),
(400, 'bibarel', 10, 315, 144),
(401, 'kricketot', 3, 22, 39),
(402, 'kricketune', 10, 255, 134),
(403, 'shinx', 5, 95, 53),
(404, 'luxio', 9, 305, 127),
(405, 'luxray', 14, 420, 235),
(406, 'budew', 2, 12, 56),
(407, 'roserade', 9, 145, 232),
(408, 'cranidos', 9, 315, 70),
(409, 'rampardos', 16, 1025, 173),
(410, 'shieldon', 5, 570, 70),
(411, 'bastiodon', 13, 1495, 173),
(412, 'burmy', 2, 34, 45),
(413, 'wormadam-plant', 5, 65, 148),
(414, 'mothim', 9, 233, 148),
(415, 'combee', 3, 55, 49),
(416, 'vespiquen', 12, 385, 166),
(417, 'pachirisu', 4, 39, 142),
(418, 'buizel', 7, 295, 66),
(419, 'floatzel', 11, 335, 173),
(420, 'cherubi', 4, 33, 55),
(421, 'cherrim', 5, 93, 158),
(422, 'shellos', 3, 63, 65),
(423, 'gastrodon', 9, 299, 166),
(424, 'ambipom', 12, 203, 169),
(425, 'drifloon', 4, 12, 70),
(426, 'drifblim', 12, 150, 174),
(427, 'buneary', 4, 55, 70),
(428, 'lopunny', 12, 333, 168),
(429, 'mismagius', 9, 44, 173),
(430, 'honchkrow', 9, 273, 177),
(431, 'glameow', 5, 39, 62),
(432, 'purugly', 10, 438, 158),
(433, 'chingling', 2, 6, 57),
(434, 'stunky', 4, 192, 66),
(435, 'skuntank', 10, 380, 168),
(436, 'bronzor', 5, 605, 60),
(437, 'bronzong', 13, 1870, 175),
(438, 'bonsly', 5, 150, 58),
(439, 'mime-jr', 6, 130, 62),
(440, 'happiny', 6, 244, 110),
(441, 'chatot', 5, 19, 144),
(442, 'spiritomb', 10, 1080, 170),
(443, 'gible', 7, 205, 60),
(444, 'gabite', 14, 560, 144),
(445, 'garchomp', 19, 950, 270),
(446, 'munchlax', 6, 1050, 78),
(447, 'riolu', 7, 202, 57),
(448, 'lucario', 12, 540, 184),
(449, 'hippopotas', 8, 495, 66),
(450, 'hippowdon', 20, 3000, 184),
(451, 'skorupi', 8, 120, 66),
(452, 'drapion', 13, 615, 175),
(453, 'croagunk', 7, 230, 60),
(454, 'toxicroak', 13, 444, 172),
(455, 'carnivine', 14, 270, 159),
(456, 'finneon', 4, 70, 66),
(457, 'lumineon', 12, 240, 161),
(458, 'mantyke', 10, 650, 69),
(459, 'snover', 10, 505, 67),
(460, 'abomasnow', 22, 1355, 173),
(461, 'weavile', 11, 340, 179),
(462, 'magnezone', 12, 1800, 241),
(463, 'lickilicky', 17, 1400, 180),
(464, 'rhyperior', 24, 2828, 241),
(465, 'tangrowth', 20, 1286, 187),
(466, 'electivire', 18, 1386, 243),
(467, 'magmortar', 16, 680, 243),
(468, 'togekiss', 15, 380, 245),
(469, 'yanmega', 19, 515, 180),
(470, 'leafeon', 10, 255, 184),
(471, 'glaceon', 8, 259, 184),
(472, 'gliscor', 20, 425, 179),
(473, 'mamoswine', 25, 2910, 239),
(474, 'porygon-z', 9, 340, 241),
(475, 'gallade', 16, 520, 233),
(476, 'probopass', 14, 3400, 184),
(477, 'dusknoir', 22, 1066, 236),
(478, 'froslass', 13, 266, 168),
(479, 'rotom', 3, 3, 154),
(480, 'uxie', 3, 3, 261),
(481, 'mesprit', 3, 3, 261),
(482, 'azelf', 3, 3, 261),
(483, 'dialga', 54, 6830, 306),
(484, 'palkia', 42, 3360, 306),
(485, 'heatran', 17, 4300, 270),
(486, 'regigigas', 37, 4200, 302),
(487, 'giratina-altered', 45, 7500, 306),
(488, 'cresselia', 15, 856, 270),
(489, 'phione', 4, 31, 216),
(490, 'manaphy', 3, 14, 270),
(491, 'darkrai', 15, 505, 270),
(492, 'shaymin-land', 2, 21, 270),
(493, 'arceus', 32, 3200, 324),
(494, 'victini', 4, 40, 270),
(495, 'snivy', 6, 81, 62),
(496, 'servine', 8, 160, 145),
(497, 'serperior', 33, 630, 238),
(498, 'tepig', 5, 99, 62),
(499, 'pignite', 10, 555, 146),
(500, 'emboar', 16, 1500, 238),
(501, 'oshawott', 5, 59, 62),
(502, 'dewott', 8, 245, 145),
(503, 'samurott', 15, 946, 238),
(504, 'patrat', 5, 116, 51),
(505, 'watchog', 11, 270, 147),
(506, 'lillipup', 4, 41, 55),
(507, 'herdier', 9, 147, 130),
(508, 'stoutland', 12, 610, 225),
(509, 'purrloin', 4, 101, 56),
(510, 'liepard', 11, 375, 156),
(511, 'pansage', 6, 105, 63),
(512, 'simisage', 11, 305, 174),
(513, 'pansear', 6, 110, 63),
(514, 'simisear', 10, 280, 174),
(515, 'panpour', 6, 135, 63),
(516, 'simipour', 10, 290, 174),
(517, 'munna', 6, 233, 58),
(518, 'musharna', 11, 605, 170),
(519, 'pidove', 3, 21, 53),
(520, 'tranquill', 6, 150, 125),
(521, 'unfezant', 12, 290, 220),
(522, 'blitzle', 8, 298, 59),
(523, 'zebstrika', 16, 795, 174),
(524, 'roggenrola', 4, 180, 56),
(525, 'boldore', 9, 1020, 137),
(526, 'gigalith', 17, 2600, 232),
(527, 'woobat', 4, 21, 63),
(528, 'swoobat', 9, 105, 149),
(529, 'drilbur', 3, 85, 66),
(530, 'excadrill', 7, 404, 178),
(531, 'audino', 11, 310, 390),
(532, 'timburr', 6, 125, 61),
(533, 'gurdurr', 12, 400, 142),
(534, 'conkeldurr', 14, 870, 227),
(535, 'tympole', 5, 45, 59),
(536, 'palpitoad', 8, 170, 134),
(537, 'seismitoad', 15, 620, 229),
(538, 'throh', 13, 555, 163),
(539, 'sawk', 14, 510, 163),
(540, 'sewaddle', 3, 25, 62),
(541, 'swadloon', 5, 73, 133),
(542, 'leavanny', 12, 205, 225),
(543, 'venipede', 4, 53, 52),
(544, 'whirlipede', 12, 585, 126),
(545, 'scolipede', 25, 2005, 218),
(546, 'cottonee', 3, 6, 56),
(547, 'whimsicott', 7, 66, 168),
(548, 'petilil', 5, 66, 56),
(549, 'lilligant', 11, 163, 168),
(550, 'basculin-red-striped', 10, 180, 161),
(551, 'sandile', 7, 152, 58),
(552, 'krokorok', 10, 334, 123),
(553, 'krookodile', 15, 963, 234),
(554, 'darumaka', 6, 375, 63),
(555, 'darmanitan-standard', 13, 929, 168),
(556, 'maractus', 10, 280, 161),
(557, 'dwebble', 3, 145, 65),
(558, 'crustle', 14, 2000, 166),
(559, 'scraggy', 6, 118, 70),
(560, 'scrafty', 11, 300, 171),
(561, 'sigilyph', 14, 140, 172),
(562, 'yamask', 5, 15, 61),
(563, 'cofagrigus', 17, 765, 169),
(564, 'tirtouga', 7, 165, 71),
(565, 'carracosta', 12, 810, 173),
(566, 'archen', 5, 95, 71),
(567, 'archeops', 14, 320, 177),
(568, 'trubbish', 6, 310, 66),
(569, 'garbodor', 19, 1073, 166),
(570, 'zorua', 7, 125, 66),
(571, 'zoroark', 16, 811, 179),
(572, 'minccino', 4, 58, 60),
(573, 'cinccino', 5, 75, 165),
(574, 'gothita', 4, 58, 58),
(575, 'gothorita', 7, 180, 137),
(576, 'gothitelle', 15, 440, 221),
(577, 'solosis', 3, 10, 58),
(578, 'duosion', 6, 80, 130),
(579, 'reuniclus', 10, 201, 221),
(580, 'ducklett', 5, 55, 61),
(581, 'swanna', 13, 242, 166),
(582, 'vanillite', 4, 57, 61),
(583, 'vanillish', 11, 410, 138),
(584, 'vanilluxe', 13, 575, 241),
(585, 'deerling', 6, 195, 67),
(586, 'sawsbuck', 19, 925, 166),
(587, 'emolga', 4, 50, 150),
(588, 'karrablast', 5, 59, 63),
(589, 'escavalier', 10, 330, 173),
(590, 'foongus', 2, 10, 59),
(591, 'amoonguss', 6, 105, 162),
(592, 'frillish', 12, 330, 67),
(593, 'jellicent', 22, 1350, 168),
(594, 'alomomola', 12, 316, 165),
(595, 'joltik', 1, 6, 64),
(596, 'galvantula', 8, 143, 165),
(597, 'ferroseed', 6, 188, 61),
(598, 'ferrothorn', 10, 1100, 171),
(599, 'klink', 3, 210, 60),
(600, 'klang', 6, 510, 154),
(601, 'klinklang', 6, 810, 234),
(602, 'tynamo', 2, 3, 55),
(603, 'eelektrik', 12, 220, 142),
(604, 'eelektross', 21, 805, 232),
(605, 'elgyem', 5, 90, 67),
(606, 'beheeyem', 10, 345, 170),
(607, 'litwick', 3, 31, 55),
(608, 'lampent', 6, 130, 130),
(609, 'chandelure', 10, 343, 234),
(610, 'axew', 6, 180, 64),
(611, 'fraxure', 10, 360, 144),
(612, 'haxorus', 18, 1055, 243),
(613, 'cubchoo', 5, 85, 61),
(614, 'beartic', 26, 2600, 170),
(615, 'cryogonal', 11, 1480, 170),
(616, 'shelmet', 4, 77, 61),
(617, 'accelgor', 8, 253, 173),
(618, 'stunfisk', 7, 110, 165),
(619, 'mienfoo', 9, 200, 70),
(620, 'mienshao', 14, 355, 179),
(621, 'druddigon', 16, 1390, 170),
(622, 'golett', 10, 920, 61),
(623, 'golurk', 28, 3300, 169),
(624, 'pawniard', 5, 102, 68),
(625, 'bisharp', 16, 700, 172),
(626, 'bouffalant', 16, 946, 172),
(627, 'rufflet', 5, 105, 70),
(628, 'braviary', 15, 410, 179),
(629, 'vullaby', 5, 90, 74),
(630, 'mandibuzz', 12, 395, 179),
(631, 'heatmor', 14, 580, 169),
(632, 'durant', 3, 330, 169),
(633, 'deino', 8, 173, 60),
(634, 'zweilous', 14, 500, 147),
(635, 'hydreigon', 18, 1600, 270),
(636, 'larvesta', 11, 288, 72),
(637, 'volcarona', 16, 460, 248),
(638, 'cobalion', 21, 2500, 261),
(639, 'terrakion', 19, 2600, 261),
(640, 'virizion', 20, 2000, 261),
(641, 'tornadus-incarnate', 15, 630, 261),
(642, 'thundurus-incarnate', 15, 610, 261),
(643, 'reshiram', 32, 3300, 306),
(644, 'zekrom', 29, 3450, 306),
(645, 'landorus-incarnate', 15, 680, 270),
(646, 'kyurem', 30, 3250, 297),
(647, 'keldeo-ordinary', 14, 485, 261),
(648, 'meloetta-aria', 6, 65, 270),
(649, 'genesect', 15, 825, 270),
(650, 'chespin', 4, 90, 63),
(651, 'quilladin', 7, 290, 142),
(652, 'chesnaught', 16, 900, 239),
(653, 'fennekin', 4, 94, 61),
(654, 'braixen', 10, 145, 143),
(655, 'delphox', 15, 390, 240),
(656, 'froakie', 3, 70, 63),
(657, 'frogadier', 6, 109, 142),
(658, 'greninja', 15, 400, 239),
(659, 'bunnelby', 4, 50, 47),
(660, 'diggersby', 10, 424, 148),
(661, 'fletchling', 3, 17, 56),
(662, 'fletchinder', 7, 160, 134),
(663, 'talonflame', 12, 245, 175),
(664, 'scatterbug', 3, 25, 40),
(665, 'spewpa', 3, 84, 75),
(666, 'vivillon', 12, 170, 185),
(667, 'litleo', 6, 135, 74),
(668, 'pyroar', 15, 815, 177),
(669, 'flabebe', 1, 1, 61),
(670, 'floette', 2, 9, 130),
(671, 'florges', 11, 100, 248),
(672, 'skiddo', 9, 310, 70),
(673, 'gogoat', 17, 910, 186),
(674, 'pancham', 6, 80, 70),
(675, 'pangoro', 21, 1360, 173),
(676, 'furfrou', 12, 280, 165),
(677, 'espurr', 3, 35, 71),
(678, 'meowstic-male', 6, 85, 163),
(679, 'honedge', 8, 20, 65),
(680, 'doublade', 8, 45, 157),
(681, 'aegislash-shield', 17, 530, 234),
(682, 'spritzee', 2, 5, 68),
(683, 'aromatisse', 8, 155, 162),
(684, 'swirlix', 4, 35, 68),
(685, 'slurpuff', 8, 50, 168),
(686, 'inkay', 4, 35, 58),
(687, 'malamar', 15, 470, 169),
(688, 'binacle', 5, 310, 61),
(689, 'barbaracle', 13, 960, 175),
(690, 'skrelp', 5, 73, 64),
(691, 'dragalge', 18, 815, 173),
(692, 'clauncher', 5, 83, 66),
(693, 'clawitzer', 13, 353, 100),
(694, 'helioptile', 5, 60, 58),
(695, 'heliolisk', 10, 210, 168),
(696, 'tyrunt', 8, 260, 72),
(697, 'tyrantrum', 25, 2700, 182),
(698, 'amaura', 13, 252, 72),
(699, 'aurorus', 27, 2250, 104),
(700, 'sylveon', 10, 235, 184),
(701, 'hawlucha', 8, 215, 175),
(702, 'dedenne', 2, 22, 151),
(703, 'carbink', 3, 57, 100),
(704, 'goomy', 3, 28, 60),
(705, 'sliggoo', 8, 175, 158),
(706, 'goodra', 20, 1505, 270),
(707, 'klefki', 2, 30, 165),
(708, 'phantump', 4, 70, 62),
(709, 'trevenant', 15, 710, 166),
(710, 'pumpkaboo-average', 4, 50, 67),
(711, 'gourgeist-average', 9, 125, 173),
(712, 'bergmite', 10, 995, 61),
(713, 'avalugg', 20, 5050, 180),
(714, 'noibat', 5, 80, 49),
(715, 'noivern', 15, 850, 187),
(716, 'xerneas', 30, 2150, 306),
(717, 'yveltal', 58, 2030, 306),
(718, 'zygarde', 50, 3050, 270),
(719, 'diancie', 7, 88, 270),
(720, 'hoopa', 5, 90, 270),
(721, 'volcanion', 17, 1950, 270),
(722, 'popplio', 0, 0, 0);

-- --------------------------------------------------------

--
-- Struttura stand-in per le viste `pok_abilities`
-- (Vedi sotto per la vista effettiva)
--
CREATE TABLE `pok_abilities` (
`abil_name` int
,`is_hidden` int
,`pok_base_experience` int
,`pok_id` int
,`pok_name` int
);

-- --------------------------------------------------------

--
-- Struttura della tabella `users`
--

CREATE TABLE `users` (
  `id` int NOT NULL,
  `username` varchar(255) CHARACTER SET utf8mb4 COLLATE utf8mb4_0900_ai_ci NOT NULL,
  `password` varchar(255) CHARACTER SET utf8mb4 COLLATE utf8mb4_0900_ai_ci NOT NULL,
  `name` varchar(50) CHARACTER SET utf8mb4 COLLATE utf8mb4_0900_ai_ci DEFAULT NULL,
  `updated_at` datetime DEFAULT NULL,
  `created_at` datetime DEFAULT NULL
) ENGINE=InnoDB DEFAULT CHARSET=utf8mb4 COLLATE=utf8mb4_0900_ai_ci;

--
-- Dump dei dati per la tabella `users`
--

INSERT INTO `users` (`id`, `username`, `password`, `name`, `updated_at`, `created_at`) VALUES
(1, 'admin', '$2y$10$j8WJ5urMsAPDMZPZqfUIneFEhFabsOklNk5zCshNcEfXpE039fLuu', 'admin', NULL, NULL),
(13, 'ia', '$2y$10$5ZdocvSFbWwkTpMauZODK.xiw/gs/OV.u1HN82vg5FXtYuRgu1APy', NULL, NULL, NULL),
(15, 'lore', '$2y$10$zPNfHbwS.utZM7gWwwkdq.0veDdPkEBQ66.sMOKTxCmY93BzVfD5O', NULL, NULL, NULL),
(17, 'gigio', '$2y$10$kDQuHYjCWjUsR9JKXB/SReD9sQEbsbncsjnKuqA5DeuH2Zo.gakHC', NULL, NULL, NULL);

-- --------------------------------------------------------

--
-- Struttura per vista `att_def_hp`
--
DROP TABLE IF EXISTS `att_def_hp`;

CREATE ALGORITHM=UNDEFINED DEFINER=`root`@`localhost` SQL SECURITY DEFINER VIEW `att_def_hp`  AS  select 1 AS `pok_id`,1 AS `pok_name`,1 AS `b_atk`,1 AS `b_def`,1 AS `b_hp`,1 AS `b_speed`,1 AS `b_sp_atk`,1 AS `b_sp_def` ;

-- --------------------------------------------------------

--
-- Struttura per vista `habitat_view`
--
DROP TABLE IF EXISTS `habitat_view`;

CREATE ALGORITHM=UNDEFINED DEFINER=`root`@`localhost` SQL SECURITY DEFINER VIEW `habitat_view`  AS  select 1 AS `pok_id`,1 AS `pok_name`,1 AS `hab_name`,1 AS `pok_height`,1 AS `pok_weight`,1 AS `capture_rate`,1 AS `base_happiness` ;

-- --------------------------------------------------------

--
-- Struttura per vista `pok_abilities`
--
DROP TABLE IF EXISTS `pok_abilities`;

CREATE ALGORITHM=UNDEFINED DEFINER=`root`@`localhost` SQL SECURITY DEFINER VIEW `pok_abilities`  AS  select 1 AS `pok_id`,1 AS `pok_name`,1 AS `abil_name`,1 AS `is_hidden`,1 AS `pok_base_experience` ;

--
-- Indici per le tabelle scaricate
--

--
-- Indici per le tabelle `abilities`
--
ALTER TABLE `abilities`
  ADD PRIMARY KEY (`abil_id`);

--
-- Indici per le tabelle `base_stats`
--
ALTER TABLE `base_stats`
  ADD PRIMARY KEY (`pok_id`);

--
-- Indici per le tabelle `box`
--
ALTER TABLE `box`
  ADD PRIMARY KEY (`id`);

--
-- Indici per le tabelle `moves`
--
ALTER TABLE `moves`
  ADD PRIMARY KEY (`move_id`),
  ADD KEY `type_id` (`type_id`);

--
-- Indici per le tabelle `pokemon`
--
ALTER TABLE `pokemon`
  ADD PRIMARY KEY (`pok_id`);

--
-- Indici per le tabelle `users`
--
ALTER TABLE `users`
  ADD PRIMARY KEY (`id`),
  ADD UNIQUE KEY `username` (`username`);

--
-- AUTO_INCREMENT per le tabelle scaricate
--

--
-- AUTO_INCREMENT per la tabella `abilities`
--
ALTER TABLE `abilities`
  MODIFY `abil_id` int NOT NULL AUTO_INCREMENT, AUTO_INCREMENT=192;

--
-- AUTO_INCREMENT per la tabella `box`
--
ALTER TABLE `box`
  MODIFY `id` int NOT NULL AUTO_INCREMENT, AUTO_INCREMENT=17;

--
-- AUTO_INCREMENT per la tabella `moves`
--
ALTER TABLE `moves`
  MODIFY `move_id` int NOT NULL AUTO_INCREMENT, AUTO_INCREMENT=622;

--
-- AUTO_INCREMENT per la tabella `pokemon`
--
ALTER TABLE `pokemon`
  MODIFY `pok_id` int NOT NULL AUTO_INCREMENT, AUTO_INCREMENT=726;

--
-- AUTO_INCREMENT per la tabella `users`
--
ALTER TABLE `users`
  MODIFY `id` int NOT NULL AUTO_INCREMENT, AUTO_INCREMENT=18;

--
-- Limiti per le tabelle scaricate
--

--
-- Limiti per la tabella `base_stats`
--
ALTER TABLE `base_stats`
  ADD CONSTRAINT `pok_id` FOREIGN KEY (`pok_id`) REFERENCES `pokemon` (`pok_id`);

--
-- Limiti per la tabella `moves`
--
ALTER TABLE `moves`
  ADD CONSTRAINT `moves_ibfk_2` FOREIGN KEY (`type_id`) REFERENCES `types` (`type_id`);
COMMIT;

/*!40101 SET CHARACTER_SET_CLIENT=@OLD_CHARACTER_SET_CLIENT */;
/*!40101 SET CHARACTER_SET_RESULTS=@OLD_CHARACTER_SET_RESULTS */;
/*!40101 SET COLLATION_CONNECTION=@OLD_COLLATION_CONNECTION */;
